MovieId	NrOfTopActors
1	1
2	2
3	2
4	0
5	1
6	4
7	3
8	0
9	0
10	1
11	3
12	0
13	0
14	2
15	1
16	2
17	2
18	1
19	0
20	0
21	1
22	1
23	0
24	0
25	0
26	0
27	1
28	0
29	0
30	1
31	1
32	0
33	0
34	0
35	1
36	2
37	0
38	0
39	0
40	0
41	3
42	1
43	3
44	0
45	0
46	2
47	0
48	2
49	0
50	2
52	2
53	0
54	0
55	1
56	0
57	3
58	0
59	0
60	0
61	0
62	0
63	0
64	0
65	0
66	0
67	1
68	0
69	0
70	2
71	0
72	1
73	3
74	0
75	0
76	0
77	0
78	2
79	0
80	0
81	2
82	0
83	0
84	0
85	0
86	1
87	1
88	0
89	2
90	0
92	2
93	0
94	2
95	0
96	0
97	0
98	0
99	0
100	1
101	0
102	0
103	0
104	0
105	2
106	0
107	0
110	1
111	2
112	0
113	2
114	1
115	0
116	0
117	0
118	0
119	1
120	1
121	0
122	1
123	0
124	0
125	1
126	0
128	0
129	0
130	1
131	0
132	2
134	0
135	0
136	1
137	3
139	0
140	2
141	2
143	1
144	0
145	1
146	0
147	2
148	0
149	1
150	2
151	3
152	0
153	2
154	1
155	2
156	0
157	0
158	3
159	0
160	1
161	2
162	0
163	0
164	2
165	2
166	0
167	0
168	1
169	0
170	1
171	0
172	0
173	1
174	0
175	0
176	0
177	0
178	0
179	0
180	0
181	0
182	2
183	1
184	0
185	0
186	2
187	0
188	1
189	0
190	1
191	2
193	0
194	1
195	3
196	2
197	1
198	2
199	1
200	0
201	0
202	1
203	1
204	0
205	0
206	1
207	0
208	0
209	0
210	3
211	0
212	0
213	0
214	0
215	1
216	0
217	0
218	1
219	0
220	0
222	1
223	0
224	3
225	1
226	1
227	0
228	0
229	1
230	2
231	0
232	0
233	0
234	0
235	3
236	2
237	0
238	0
239	0
240	0
241	1
242	0
243	0
244	0
245	0
246	0
247	1
248	0
249	1
250	0
251	2
252	2
253	3
254	1
255	1
256	1
257	2
258	1
259	1
260	2
261	0
262	0
263	0
264	0
265	0
266	0
267	0
268	0
269	0
270	2
271	3
272	0
273	0
274	1
275	1
276	1
277	1
278	0
279	0
280	1
281	0
282	2
283	0
284	0
285	0
286	0
287	0
288	3
289	2
290	0
291	0
292	3
293	2
294	1
295	0
296	3
297	1
298	0
299	0
300	1
301	0
302	1
303	3
304	1
305	6
306	0
307	1
308	1
309	0
310	0
312	0
313	0
314	0
315	0
316	0
317	0
318	2
319	0
320	0
321	0
322	2
324	1
325	0
326	1
327	1
328	0
329	1
330	0
331	0
332	0
333	0
334	1
335	0
336	0
337	3
338	2
339	0
340	0
341	0
342	0
343	0
344	0
345	0
346	0
347	0
348	1
349	1
350	2
351	1
352	0
353	0
354	1
355	2
356	1
357	0
358	2
359	0
360	1
361	0
362	0
363	0
364	2
365	0
366	0
367	0
368	2
369	1
370	1
371	3
372	2
373	0
374	0
375	1
376	1
377	0
378	1
379	0
380	1
381	2
382	3
383	1
384	1
385	0
386	0
387	0
388	2
389	0
390	0
391	1
392	0
393	0
394	0
395	0
396	0
397	5
398	0
401	1
402	0
404	0
405	0
406	0
407	1
408	1
409	0
410	1
412	4
413	0
414	0
415	0
416	0
417	1
418	0
419	0
420	0
421	0
423	3
424	0
425	2
426	0
427	0
428	2
429	0
430	0
431	2
432	0
433	0
434	0
435	0
436	0
437	0
438	0
440	3
441	1
442	0
443	0
444	3
445	0
446	1
447	1
448	0
449	0
450	1
451	2
452	0
453	0
454	4
455	0
456	1
457	3
458	3
459	1
460	0
461	0
462	1
463	0
464	0
465	1
466	1
467	0
468	0
469	3
470	0
471	2
472	1
473	0
474	2
475	2
476	0
477	0
478	2
479	0
480	2
481	2
482	1
483	0
484	0
485	1
486	0
487	0
489	2
490	4
491	1
492	2
493	1
494	1
495	0
496	0
497	2
498	1
499	0
500	1
501	0
502	1
503	1
504	0
505	2
506	1
507	2
508	4
509	1
510	0
511	1
512	0
513	0
514	1
515	2
516	0
517	1
518	1
519	0
520	0
521	2
522	1
523	0
524	0
525	0
526	0
527	3
528	1
529	2
530	0
531	0
532	0
533	0
534	1
535	5
536	1
537	0
538	2
539	2
540	0
541	0
542	0
543	1
544	0
545	0
546	0
547	0
548	0
549	0
550	0
551	0
552	1
553	2
554	0
555	5
556	2
558	1
559	1
560	0
561	0
562	0
563	0
564	0
565	0
566	1
567	0
568	0
569	1
570	0
571	0
572	0
573	0
574	0
575	1
577	0
579	0
580	1
581	4
582	0
583	0
585	0
586	1
587	1
588	1
589	0
590	0
591	0
592	0
593	2
594	0
595	0
596	0
597	1
598	0
599	1
600	1
602	0
603	0
605	2
606	0
608	1
609	0
610	0
611	0
612	1
614	0
615	0
616	0
617	0
618	0
619	0
620	0
621	1
623	0
624	0
625	0
626	0
627	0
628	3
629	0
630	0
631	0
632	0
633	0
634	1
635	1
636	0
637	0
638	2
639	1
640	2
641	0
643	0
645	0
647	3
648	2
649	0
650	1
651	0
652	0
653	2
655	0
656	0
658	0
659	0
660	1
661	1
662	0
663	0
664	0
665	0
666	0
667	0
668	0
670	0
671	0
673	1
674	1
678	0
679	0
680	0
681	0
682	0
683	0
685	0
687	0
688	0
690	0
691	1
692	0
693	0
694	0
695	1
696	0
697	0
698	0
700	0
701	0
702	0
703	0
704	0
705	0
706	0
707	3
708	2
709	0
710	0
711	0
712	0
713	1
714	3
715	1
716	0
717	1
718	0
719	0
722	0
724	0
725	2
726	0
727	0
728	1
729	0
730	0
731	0
733	2
734	1
735	0
736	1
737	0
738	0
741	0
742	0
743	0
744	0
745	0
746	0
747	0
748	0
750	2
751	0
753	1
754	1
755	0
756	0
757	1
759	0
760	0
761	0
762	0
763	1
764	0
765	2
766	0
767	3
769	2
771	0
774	0
775	2
778	0
779	0
780	1
781	1
782	2
783	0
784	0
785	1
786	0
787	0
788	0
789	0
791	0
792	0
793	0
795	0
796	0
798	0
799	0
800	0
801	0
802	2
803	0
804	0
805	2
806	1
807	0
808	1
809	0
810	0
813	1
814	0
815	0
818	0
820	1
821	0
823	0
824	0
827	2
828	0
829	0
830	1
831	0
832	1
833	0
834	0
835	1
836	1
837	0
838	1
839	0
840	0
841	0
842	1
844	0
845	0
846	0
847	0
848	0
849	0
850	0
851	0
852	0
853	1
858	4
860	0
861	1
862	0
864	1
865	0
866	0
867	0
868	0
869	0
870	1
872	0
875	1
876	0
877	0
879	0
880	1
881	0
882	0
884	0
885	0
886	0
887	1
888	0
889	2
891	0
892	2
893	2
896	0
897	2
898	3
899	1
900	1
901	1
902	1
903	2
904	2
905	1
906	1
907	0
908	1
909	2
910	2
911	2
912	2
913	1
914	1
915	3
916	2
917	0
918	0
919	0
920	2
921	1
922	1
923	1
924	0
925	1
926	2
927	2
928	1
929	0
930	0
931	2
932	1
933	2
934	1
935	1
936	1
937	2
938	0
939	0
940	0
941	1
942	1
943	2
944	0
945	0
946	0
947	0
948	2
949	1
950	0
951	1
952	1
953	1
954	0
955	2
956	1
957	2
958	1
959	1
960	0
961	0
963	0
964	1
965	0
966	0
967	0
968	0
969	2
970	3
971	2
972	1
973	2
974	0
976	1
980	0
981	0
982	2
983	0
984	0
985	0
986	0
987	0
988	0
989	0
990	0
991	2
992	1
993	1
994	0
996	1
997	0
998	0
999	1
1000	0
1001	1
1002	0
1003	1
1004	0
1005	0
1006	2
1007	0
1008	0
1009	0
1010	0
1011	0
1012	0
1013	0
1014	0
1015	0
1016	1
1017	0
1018	1
1019	1
1020	0
1021	0
1022	0
1023	0
1024	0
1025	0
1026	0
1027	1
1028	1
1029	0
1030	0
1031	0
1032	0
1033	0
1034	0
1035	2
1036	0
1037	0
1038	2
1039	0
1040	0
1041	0
1042	2
1043	1
1044	2
1045	1
1046	0
1047	2
1049	1
1050	4
1051	1
1053	0
1054	0
1055	0
1056	1
1057	4
1058	0
1059	0
1060	0
1061	3
1062	1
1063	2
1064	1
1066	1
1067	0
1068	1
1069	0
1070	1
1071	1
1073	0
1076	0
1077	2
1078	1
1079	1
1080	0
1081	1
1082	0
1083	2
1084	2
1085	1
1086	1
1087	1
1088	0
1089	0
1090	2
1091	0
1092	1
1093	1
1094	1
1095	5
1096	2
1097	0
1098	1
1099	0
1100	3
1101	0
1102	0
1103	2
1104	2
1105	1
1107	0
1111	0
1112	1
1113	1
1114	2
1115	0
1116	0
1117	0
1119	2
1120	1
1121	1
1123	0
1124	3
1125	2
1126	0
1127	1
1128	0
1129	0
1130	0
1131	0
1132	0
1133	2
1135	0
1136	0
1137	0
1138	0
1139	0
1140	1
1142	1
1143	0
1144	1
1146	0
1147	0
1148	0
1149	0
1150	0
1151	0
1152	0
1153	0
1154	0
1156	0
1157	0
1161	0
1162	1
1163	0
1164	0
1167	0
1168	0
1169	0
1170	0
1171	2
1172	0
1173	0
1174	0
1175	0
1176	0
1177	0
1178	1
1179	1
1180	0
1183	3
1184	0
1185	1
1186	0
1187	0
1188	0
1189	0
1190	0
1191	1
1192	0
1193	1
1194	0
1196	2
1197	0
1198	0
1199	1
1200	0
1201	1
1202	0
1203	1
1204	2
1206	0
1207	2
1208	4
1209	2
1210	2
1211	0
1212	1
1213	3
1214	0
1215	0
1216	0
1217	0
1218	0
1219	0
1220	0
1221	4
1222	0
1223	0
1224	3
1225	0
1226	1
1227	3
1228	2
1230	3
1231	1
1232	0
1233	0
1234	2
1235	0
1236	1
1237	0
1238	1
1240	2
1241	0
1242	2
1243	1
1244	3
1245	1
1246	1
1247	2
1248	0
1249	0
1250	2
1251	1
1252	3
1253	0
1254	2
1255	0
1256	0
1257	0
1258	1
1259	0
1260	0
1261	0
1262	0
1263	3
1264	0
1265	1
1266	3
1267	0
1268	0
1269	1
1270	0
1271	1
1272	1
1273	0
1274	0
1275	1
1276	1
1277	0
1278	1
1279	2
1280	1
1281	1
1282	0
1283	2
1284	2
1285	1
1286	1
1287	1
1288	0
1289	0
1290	0
1291	2
1292	2
1293	3
1295	2
1296	3
1297	0
1298	0
1299	1
1300	0
1301	0
1302	1
1303	3
1304	2
1305	0
1306	0
1307	1
1310	0
1311	0
1312	1
1313	1
1314	0
1317	0
1318	0
1320	0
1321	0
1322	0
1323	1
1324	0
1325	0
1326	0
1327	0
1328	0
1329	0
1330	0
1331	1
1332	0
1333	0
1334	0
1335	0
1336	0
1337	0
1339	0
1340	0
1341	1
1342	0
1343	5
1344	5
1345	2
1346	0
1347	1
1348	0
1349	1
1350	1
1351	2
1352	1
1353	2
1354	1
1355	0
1356	0
1357	1
1358	1
1359	0
1361	0
1363	1
1364	0
1365	0
1366	2
1367	0
1369	0
1370	0
1371	0
1372	1
1373	0
1374	0
1375	0
1376	0
1377	2
1378	0
1379	0
1380	0
1381	0
1382	0
1383	0
1384	0
1385	1
1386	0
1387	0
1388	0
1389	0
1390	2
1391	3
1392	1
1393	2
1394	2
1395	0
1396	3
1397	2
1398	0
1399	4
1401	1
1404	0
1405	0
1406	0
1407	0
1408	1
1409	2
1410	3
1411	6
1412	0
1413	1
1414	0
1415	1
1416	0
1417	3
1419	0
1420	0
1421	0
1422	1
1423	0
1425	1
1426	0
1427	0
1428	0
1429	0
1430	0
1431	0
1432	0
1433	1
1434	0
1437	0
1438	0
1439	0
1440	1
1441	2
1442	0
1444	0
1445	0
1446	0
1447	0
1449	0
1450	0
1453	0
1454	0
1455	0
1456	0
1457	0
1458	1
1459	4
1460	1
1461	0
1463	0
1464	1
1465	2
1466	2
1468	1
1471	0
1472	0
1473	2
1474	0
1475	0
1476	0
1477	0
1479	0
1480	0
1482	0
1483	2
1484	0
1485	0
1486	0
1487	0
1488	2
1489	0
1490	1
1493	0
1495	0
1496	1
1497	0
1498	2
1499	1
1500	1
1501	0
1502	0
1503	1
1504	0
1507	2
1508	1
1509	0
1510	1
1511	0
1513	0
1514	1
1515	2
1516	1
1517	0
1518	0
1519	1
1520	1
1522	0
1523	1
1525	0
1526	1
1527	2
1528	0
1529	0
1531	0
1532	0
1533	0
1534	0
1535	0
1537	0
1538	0
1539	0
1541	1
1542	0
1543	0
1544	1
1545	0
1546	0
1547	0
1548	0
1549	1
1550	1
1551	0
1552	1
1554	0
1555	0
1556	0
1558	0
1561	0
1562	0
1563	0
1564	0
1565	1
1566	1
1567	0
1568	0
1569	1
1570	0
1571	0
1572	1
1573	0
1574	0
1575	0
1580	2
1581	1
1582	0
1583	0
1584	2
1585	0
1586	1
1587	0
1588	0
1589	1
1590	0
1591	1
1592	0
1593	0
1594	0
1595	0
1596	0
1597	2
1598	0
1599	2
1600	2
1601	0
1602	0
1603	0
1604	0
1605	2
1606	0
1608	2
1609	1
1610	1
1611	0
1612	0
1613	0
1614	2
1615	1
1616	2
1617	2
1619	1
1620	1
1621	0
1622	0
1623	0
1624	4
1625	2
1626	0
1627	3
1628	0
1629	0
1631	1
1632	0
1633	0
1635	2
1636	0
1639	1
1640	0
1641	1
1642	0
1643	1
1644	0
1645	2
1646	0
1647	1
1648	0
1649	0
1650	0
1651	0
1652	0
1653	2
1654	2
1655	0
1656	2
1657	0
1658	1
1659	1
1660	1
1661	0
1662	0
1663	1
1665	0
1666	2
1667	1
1668	1
1669	0
1670	1
1671	1
1672	2
1673	3
1674	1
1675	0
1676	0
1677	1
1678	0
1679	0
1680	1
1681	0
1682	2
1683	1
1684	0
1685	0
1686	0
1687	1
1688	2
1689	1
1690	0
1692	0
1693	2
1694	1
1695	0
1696	1
1698	0
1699	0
1701	2
1702	1
1703	0
1704	2
1707	0
1708	0
1709	0
1710	0
1711	1
1713	1
1714	0
1715	0
1716	0
1717	0
1719	0
1720	0
1721	3
1722	1
1723	1
1725	0
1726	0
1727	1
1728	1
1729	2
1730	0
1731	0
1732	3
1733	1
1734	0
1735	3
1739	0
1740	0
1742	0
1743	0
1744	0
1746	0
1747	3
1748	0
1749	0
1750	0
1752	0
1753	0
1754	1
1755	0
1756	1
1757	0
1759	1
1760	0
1762	0
1765	1
1767	0
1769	0
1770	0
1771	0
1772	0
1773	0
1774	1
1776	0
1777	0
1779	2
1780	0
1781	0
1782	0
1783	0
1784	1
1785	1
1788	0
1789	0
1791	0
1792	2
1793	0
1794	1
1795	0
1796	0
1797	1
1798	2
1799	1
1801	3
1804	0
1805	1
1806	1
1807	0
1809	0
1810	2
1811	1
1812	0
1814	1
1815	1
1816	1
1817	0
1819	0
1820	2
1821	0
1822	0
1824	0
1825	1
1826	0
1827	1
1829	3
1831	1
1832	1
1833	0
1834	0
1835	0
1836	0
1837	1
1839	0
1840	2
1841	2
1842	0
1843	0
1844	1
1845	0
1846	0
1848	0
1849	0
1850	0
1851	0
1853	1
1854	0
1855	0
1856	0
1857	0
1858	0
1859	0
1860	0
1861	0
1862	0
1863	0
1864	0
1865	1
1866	0
1867	0
1869	0
1870	0
1871	0
1872	0
1873	3
1874	0
1875	0
1876	2
1877	0
1878	0
1879	0
1880	0
1881	1
1882	0
1883	2
1884	3
1885	1
1886	0
1887	0
1888	1
1889	3
1890	0
1891	0
1892	2
1893	0
1894	1
1895	0
1896	1
1897	0
1898	0
1899	0
1900	0
1901	0
1902	0
1903	0
1904	0
1906	0
1907	0
1908	0
1909	0
1910	0
1911	0
1912	3
1913	0
1914	0
1915	0
1916	1
1917	1
1918	2
1919	1
1920	3
1921	0
1922	1
1923	0
1924	0
1925	0
1926	0
1927	0
1928	1
1929	1
1930	0
1931	2
1932	0
1933	0
1934	1
1935	0
1936	0
1937	0
1938	0
1939	0
1940	1
1941	6
1942	0
1943	0
1944	1
1945	1
1946	0
1947	1
1948	0
1949	2
1950	1
1951	0
1952	2
1953	1
1954	0
1955	2
1956	0
1957	0
1958	2
1959	2
1960	1
1961	2
1962	1
1963	1
1964	1
1965	0
1966	0
1967	1
1968	0
1969	0
1970	1
1971	0
1972	0
1973	1
1974	0
1975	0
1976	0
1977	0
1978	0
1979	0
1980	0
1981	0
1982	0
1983	0
1984	0
1985	0
1986	0
1987	0
1988	0
1989	0
1990	0
1991	0
1992	0
1993	0
1994	0
1995	0
1996	0
1997	0
1998	1
1999	1
2000	1
2001	1
2002	2
2003	0
2004	0
2005	0
2006	1
2007	0
2008	0
2009	1
2010	0
2011	0
2012	0
2013	1
2014	0
2015	0
2016	0
2017	0
2018	0
2019	0
2020	3
2021	0
2022	0
2023	2
2024	0
2025	1
2026	0
2027	0
2028	2
2029	0
2030	0
2031	0
2032	0
2033	2
2034	0
2035	0
2036	0
2037	1
2038	0
2039	0
2040	0
2041	0
2042	0
2043	1
2044	0
2045	0
2046	0
2047	0
2048	0
2049	0
2050	0
2051	0
2052	0
2053	0
2054	0
2055	0
2056	0
2057	0
2058	0
2059	0
2060	0
2061	2
2062	0
2063	0
2064	0
2065	0
2066	2
2067	2
2068	0
2069	0
2070	1
2071	1
2072	1
2073	0
2074	0
2075	0
2076	1
2077	0
2078	0
2079	0
2080	0
2081	0
2082	0
2083	1
2084	3
2085	0
2086	0
2087	0
2088	1
2089	1
2090	0
2091	0
2092	0
2093	1
2094	2
2095	0
2096	0
2097	1
2098	0
2099	0
2100	1
2101	0
2102	0
2103	0
2104	0
2105	1
2106	1
2107	0
2108	0
2109	0
2110	5
2111	1
2112	1
2113	0
2114	2
2115	1
2116	2
2117	2
2118	0
2119	0
2120	1
2121	0
2122	0
2123	0
2124	1
2125	0
2126	0
2127	0
2128	0
2129	0
2130	2
2131	1
2132	2
2133	0
2134	1
2135	0
2136	0
2137	3
2138	1
2139	0
2140	0
2141	1
2142	1
2143	1
2144	0
2145	0
2146	0
2147	0
2148	0
2149	0
2150	0
2151	0
2152	0
2154	1
2155	2
2156	0
2157	1
2158	0
2159	0
2160	0
2161	0
2162	0
2163	0
2164	0
2165	0
2166	1
2167	0
2168	0
2169	0
2170	0
2171	1
2172	1
2173	0
2174	2
2175	0
2176	1
2177	0
2178	0
2179	0
2180	2
2181	1
2182	1
2183	2
2184	1
2185	0
2186	0
2187	1
2188	0
2189	0
2190	1
2191	1
2192	0
2193	0
2194	2
2195	0
2196	0
2197	0
2199	0
2200	1
2201	1
2202	0
2203	0
2204	0
2205	2
2206	2
2207	0
2208	0
2209	0
2210	0
2211	0
2212	2
2214	0
2215	0
2216	0
2218	0
2219	2
2220	0
2221	0
2222	0
2223	0
2225	1
2226	1
2227	0
2229	0
2231	3
2232	0
2233	0
2234	2
2235	0
2236	0
2237	0
2238	0
2239	0
2240	0
2241	0
2242	0
2243	2
2244	0
2245	2
2246	1
2247	1
2248	0
2249	0
2250	2
2251	0
2252	0
2253	2
2255	0
2256	0
2257	1
2258	0
2259	1
2260	0
2261	0
2262	0
2263	0
2264	2
2265	0
2266	1
2267	0
2268	2
2269	1
2270	0
2271	0
2272	2
2273	0
2275	0
2276	0
2278	1
2279	0
2280	1
2281	1
2282	1
2283	1
2284	0
2285	0
2286	1
2287	0
2288	0
2289	5
2290	1
2291	3
2292	0
2293	1
2294	4
2295	0
2296	0
2297	1
2298	0
2299	1
2300	1
2301	2
2302	2
2303	1
2304	0
2305	0
2306	0
2307	0
2308	0
2310	0
2311	0
2312	1
2313	3
2314	0
2315	0
2316	1
2317	0
2318	1
2319	0
2320	1
2321	0
2322	0
2323	1
2324	0
2325	0
2326	0
2327	1
2328	3
2329	1
2330	0
2331	1
2332	0
2333	1
2334	2
2335	1
2336	2
2337	1
2338	0
2339	0
2340	2
2341	1
2342	0
2343	0
2344	1
2345	1
2346	2
2347	0
2348	1
2349	2
2350	1
2351	1
2352	1
2353	3
2354	1
2355	1
2356	3
2357	0
2358	0
2359	0
2360	0
2361	0
2362	0
2363	0
2364	0
2365	0
2366	1
2367	1
2368	0
2369	0
2370	0
2371	1
2372	0
2373	0
2374	0
2375	1
2376	1
2377	0
2378	0
2379	0
2380	0
2381	0
2382	0
2383	0
2384	0
2385	0
2386	0
2387	0
2388	0
2389	0
2390	1
2391	0
2392	0
2393	0
2394	3
2395	1
2396	4
2397	1
2398	1
2399	0
2400	0
2401	1
2402	0
2403	0
2404	0
2405	1
2406	1
2407	0
2408	0
2409	0
2410	0
2411	0
2412	0
2413	0
2414	0
2415	2
2416	1
2417	3
2418	1
2419	0
2420	0
2421	0
2422	0
2423	1
2424	2
2425	1
2426	1
2427	2
2428	1
2429	1
2430	1
2431	2
2432	3
2433	2
2434	0
2435	3
2436	1
2437	0
2439	1
2440	0
2441	1
2442	1
2443	3
2444	0
2445	0
2446	1
2447	1
2448	0
2449	0
2450	1
2451	1
2452	0
2453	0
2454	1
2455	1
2456	0
2457	0
2458	1
2459	0
2460	0
2461	0
2462	1
2463	0
2464	0
2465	0
2466	1
2467	1
2468	1
2469	0
2470	0
2471	0
2472	0
2473	0
2474	3
2475	1
2476	1
2477	0
2478	0
2479	1
2480	0
2481	0
2482	0
2483	0
2485	0
2486	0
2487	0
2488	0
2489	0
2490	1
2491	0
2492	0
2493	0
2494	0
2495	0
2496	2
2497	1
2498	0
2499	0
2500	0
2501	1
2502	0
2503	0
2504	1
2505	1
2506	2
2507	0
2508	1
2509	0
2510	0
2511	0
2512	0
2513	0
2514	0
2515	0
2516	1
2517	0
2518	0
2519	1
2520	2
2521	1
2522	2
2523	1
2524	5
2525	1
2526	3
2527	0
2528	0
2529	1
2530	1
2531	0
2532	0
2533	0
2534	0
2535	0
2536	0
2537	1
2538	0
2539	1
2540	0
2541	0
2542	0
2543	0
2544	0
2545	0
2546	2
2548	0
2549	0
2550	1
2551	1
2552	1
2553	0
2554	0
2555	0
2556	0
2557	0
2558	0
2559	0
2560	0
2561	1
2562	1
2563	1
2565	0
2566	0
2567	0
2568	0
2569	0
2570	1
2571	0
2572	1
2573	0
2574	0
2575	0
2576	0
2577	2
2578	0
2579	0
2580	0
2581	0
2582	1
2583	1
2584	0
2585	0
2586	1
2587	1
2589	0
2590	1
2591	0
2593	0
2594	0
2595	0
2596	0
2597	1
2598	2
2599	0
2600	0
2601	1
2602	0
2603	3
2604	0
2605	1
2606	0
2607	0
2609	0
2610	0
2611	0
2612	0
2613	0
2614	0
2615	0
2616	3
2617	0
2618	0
2619	0
2620	0
2621	0
2623	0
2624	0
2625	0
2626	0
2627	1
2628	0
2629	0
2630	0
2631	0
2632	0
2633	0
2634	0
2635	0
2636	0
2637	0
2638	0
2639	1
2640	2
2641	1
2642	0
2643	1
2644	0
2646	0
2647	0
2648	0
2649	0
2650	0
2651	0
2652	0
2653	0
2654	0
2655	0
2656	1
2657	1
2659	0
2660	0
2661	0
2662	3
2663	0
2664	0
2665	0
2666	0
2667	0
2668	0
2669	1
2670	2
2671	1
2672	0
2673	0
2674	0
2675	0
2676	1
2677	0
2678	1
2679	0
2681	0
2682	0
2683	1
2685	1
2686	1
2687	0
2688	0
2689	0
2690	2
2691	0
2692	1
2693	0
2694	0
2695	0
2696	0
2697	0
2699	0
2700	1
2701	2
2702	0
2703	0
2704	1
2705	0
2706	0
2707	2
2708	0
2709	0
2710	0
2711	1
2712	2
2713	0
2714	0
2715	0
2716	1
2717	1
2718	2
2719	1
2720	0
2721	0
2722	1
2723	1
2724	1
2725	0
2726	0
2727	0
2728	3
2729	1
2730	0
2731	0
2732	0
2733	0
2734	1
2735	0
2736	0
2737	1
2738	3
2739	1
2741	0
2742	0
2743	0
2744	0
2745	3
2746	1
2747	1
2748	0
2749	3
2750	2
2751	1
2752	0
2753	0
2754	0
2755	1
2756	0
2757	1
2758	2
2759	1
2761	0
2762	0
2763	1
2764	1
2765	0
2766	0
2767	2
2768	0
2769	0
2770	1
2771	0
2772	0
2773	1
2774	0
2775	0
2776	0
2777	0
2778	0
2779	1
2780	1
2781	0
2782	0
2783	0
2784	0
2785	0
2786	0
2787	0
2788	0
2789	0
2791	0
2792	0
2793	1
2794	0
2795	0
2796	0
2797	1
2798	0
2799	0
2800	0
2801	3
2802	2
2803	2
2804	0
2805	0
2806	0
2807	0
2808	0
2809	0
2810	0
2811	1
2812	0
2813	0
2814	0
2815	0
2816	0
2817	0
2818	0
2819	2
2820	6
2821	0
2822	1
2823	0
2824	0
2825	0
2826	0
2827	2
2829	1
2830	0
2831	1
2832	0
2833	0
2834	0
2835	0
2836	0
2837	0
2839	0
2840	1
2841	0
2842	0
2843	0
2844	0
2845	0
2846	0
2847	2
2848	0
2849	1
2850	0
2851	1
2852	1
2853	0
2854	0
2855	0
2856	0
2857	0
2858	2
2859	0
2860	0
2861	0
2862	1
2863	0
2864	0
2865	0
2866	0
2867	0
2868	0
2869	0
2870	2
2871	1
2872	1
2873	0
2874	1
2875	1
2876	1
2877	2
2878	0
2879	0
2880	0
2881	1
2882	2
2883	0
2884	0
2885	0
2886	0
2887	0
2888	0
2889	1
2890	1
2891	0
2892	1
2893	0
2894	0
2895	2
2896	1
2897	0
2898	0
2899	0
2900	0
2901	0
2902	0
2903	0
2904	1
2905	0
2906	1
2907	0
2908	1
2910	0
2911	0
2912	0
2913	0
2914	0
2915	1
2916	0
2917	0
2918	0
2919	1
2920	0
2921	1
2922	1
2923	0
2924	0
2925	0
2926	2
2927	0
2928	1
2929	0
2930	1
2931	0
2932	0
2933	0
2934	0
2935	2
2936	0
2937	0
2938	0
2939	1
2940	1
2941	0
2942	0
2943	1
2944	0
2945	0
2946	0
2947	1
2948	1
2949	1
2950	0
2951	1
2952	3
2953	1
2954	0
2955	0
2956	0
2958	0
2959	3
2960	0
2961	1
2962	0
2963	0
2964	0
2965	0
2966	1
2967	0
2968	1
2969	1
2970	0
2971	1
2972	1
2973	1
2974	0
2975	0
2976	1
2977	0
2978	0
2979	0
2981	2
2982	0
2983	1
2984	1
2985	0
2986	0
2987	0
2988	1
2989	0
2990	1
2991	0
2992	0
2993	1
2994	1
2995	1
2996	1
2997	1
2998	1
2999	0
3000	0
3001	0
3002	2
3003	0
3004	1
3005	2
3006	3
3007	0
3008	0
3010	0
3011	1
3012	1
3013	0
3014	0
3015	2
3016	1
3017	0
3018	0
3019	0
3020	2
3021	0
3022	1
3024	0
3025	0
3026	0
3027	0
3028	0
3029	0
3030	0
3031	0
3032	1
3033	1
3034	1
3035	3
3036	0
3037	2
3038	0
3039	0
3040	1
3041	0
3042	0
3043	0
3044	2
3045	1
3046	0
3047	0
3048	0
3049	0
3050	1
3051	2
3052	1
3053	4
3054	0
3055	0
3056	0
3057	0
3058	1
3060	0
3061	0
3062	5
3063	1
3064	0
3065	1
3066	1
3067	0
3068	1
3069	1
3070	0
3071	0
3072	0
3073	0
3074	1
3075	1
3076	2
3077	0
3078	0
3079	0
3081	3
3082	0
3083	0
3085	0
3086	0
3087	2
3088	2
3089	0
3090	0
3091	0
3092	0
3093	1
3094	2
3095	1
3096	0
3097	1
3098	2
3099	1
3100	2
3101	1
3102	1
3103	2
3104	1
3105	2
3106	0
3107	1
3108	2
3109	0
3110	3
3111	2
3112	2
3113	0
3114	1
3115	1
3116	0
3117	0
3118	0
3119	0
3120	0
3121	0
3122	0
3124	0
3125	2
3126	2
3127	1
3128	1
3129	4
3130	3
3131	0
3132	0
3133	0
3134	0
3135	1
3136	1
3137	1
3138	1
3139	0
3140	1
3141	2
3142	0
3143	0
3144	1
3145	3
3146	0
3147	1
3148	2
3149	2
3150	0
3151	0
3152	1
3153	0
3154	1
3155	1
3156	1
3157	1
3158	1
3159	0
3160	4
3161	1
3162	1
3163	0
3165	0
3166	0
3167	2
3168	1
3169	1
3171	1
3172	1
3173	4
3174	0
3175	0
3176	4
3177	0
3178	0
3179	1
3180	0
3181	2
3182	0
3183	1
3184	2
3185	0
3186	3
3188	0
3189	1
3190	0
3191	0
3192	0
3193	1
3194	1
3195	0
3196	1
3197	2
3198	2
3199	2
3200	1
3201	1
3202	0
3203	1
3204	2
3205	0
3206	1
3207	2
3208	2
3209	1
3210	2
3211	1
3213	0
3214	0
3215	2
3216	0
3217	0
3218	0
3219	0
3220	0
3221	0
3222	0
3223	0
3224	0
3225	0
3226	0
3230	1
3231	1
3232	1
3235	1
3237	0
3238	0
3239	0
3240	0
3241	0
3242	0
3243	0
3244	0
3245	0
3246	2
3247	1
3248	1
3249	1
3250	1
3251	2
3252	2
3253	0
3254	2
3255	0
3256	2
3257	0
3258	1
3259	2
3260	3
3261	0
3262	0
3263	0
3264	1
3265	0
3266	0
3267	0
3268	0
3269	1
3270	0
3271	1
3272	0
3273	0
3274	0
3275	0
3276	1
3278	0
3280	2
3281	0
3282	0
3283	1
3284	2
3285	2
3286	0
3287	1
3289	0
3292	0
3293	1
3294	0
3295	0
3296	1
3298	0
3300	0
3301	0
3302	0
3304	0
3305	0
3306	0
3307	1
3308	1
3309	1
3310	0
3311	1
3313	0
3314	1
3315	0
3316	1
3317	3
3318	0
3319	0
3320	0
3322	0
3323	0
3324	0
3325	0
3326	2
3327	0
3328	1
3329	0
3330	1
3331	0
3332	0
3333	0
3334	2
3335	0
3336	0
3337	1
3338	0
3339	0
3340	0
3341	1
3342	0
3343	1
3344	0
3345	0
3347	0
3348	0
3349	0
3350	1
3351	0
3352	0
3353	0
3354	0
3355	1
3357	1
3358	2
3359	0
3360	1
3361	2
3362	1
3363	1
3364	1
3365	2
3367	1
3368	2
3369	0
3370	0
3371	0
3372	0
3373	1
3374	0
3375	0
3376	0
3377	0
3378	1
3379	2
3380	0
3384	0
3385	1
3386	5
3387	0
3388	0
3389	1
3390	1
3391	0
3392	1
3393	0
3394	0
3395	1
3396	1
3397	0
3398	0
3399	0
3400	1
3401	0
3402	1
3403	1
3404	3
3405	0
3406	1
3407	0
3408	1
3409	0
3410	0
3412	0
3413	2
3414	2
3415	0
3417	1
3418	3
3419	0
3420	1
3421	0
3422	0
3423	1
3424	1
3425	2
3426	0
3427	1
3428	1
3429	0
3430	0
3431	0
3432	0
3433	0
3434	0
3435	1
3436	1
3437	0
3438	0
3439	0
3440	0
3441	0
3442	0
3443	0
3444	1
3445	2
3446	0
3447	0
3448	2
3449	3
3450	2
3451	3
3452	0
3453	0
3454	0
3455	0
3456	0
3457	1
3458	0
3459	0
3461	0
3462	1
3463	0
3464	1
3465	2
3466	1
3467	1
3468	3
3469	2
3470	0
3471	0
3472	0
3473	0
3474	0
3475	1
3476	1
3477	1
3478	0
3479	1
3480	1
3481	1
3483	1
3484	0
3485	0
3486	0
3487	1
3489	4
3490	0
3491	0
3492	0
3494	2
3495	1
3496	1
3497	1
3498	1
3499	2
3500	0
3501	0
3502	0
3503	0
3504	4
3505	1
3506	0
3507	1
3508	1
3509	0
3510	0
3511	0
3512	0
3513	3
3514	1
3515	1
3516	3
3518	0
3519	1
3520	1
3521	0
3522	0
3523	0
3524	1
3525	1
3526	2
3527	0
3528	0
3529	2
3530	0
3531	0
3533	0
3534	0
3535	1
3536	2
3537	1
3538	0
3539	0
3540	0
3541	0
3542	0
3543	0
3544	1
3545	0
3546	1
3547	1
3548	0
3549	1
3550	0
3551	2
3552	1
3553	0
3554	0
3555	0
3556	1
3557	2
3559	2
3560	0
3562	0
3563	1
3564	0
3565	1
3566	1
3567	0
3568	0
3569	0
3570	0
3571	1
3572	0
3573	0
3574	0
3575	0
3576	1
3577	1
3578	2
3580	2
3581	0
3583	0
3584	1
3585	0
3586	0
3587	2
3588	1
3589	0
3590	0
3591	0
3592	0
3593	1
3594	0
3595	1
3596	0
3597	0
3598	6
3599	1
3600	0
3601	0
3602	0
3603	0
3604	1
3605	0
3606	1
3607	1
3608	0
3609	0
3610	1
3612	0
3613	0
3614	1
3615	0
3616	0
3617	0
3618	1
3619	1
3620	1
3621	0
3622	0
3623	2
3624	0
3625	0
3626	0
3627	0
3628	1
3629	1
3630	0
3631	0
3632	1
3633	0
3634	3
3635	0
3636	0
3637	0
3638	0
3639	0
3640	1
3641	0
3642	1
3643	1
3644	1
3645	0
3646	0
3648	0
3649	0
3650	0
3651	0
3652	0
3653	0
3654	1
3655	0
3656	0
3658	0
3659	0
3660	0
3661	0
3662	0
3663	0
3664	0
3665	0
3666	0
3667	0
3668	0
3669	0
3670	1
3671	0
3672	0
3673	0
3674	0
3675	0
3676	0
3677	0
3678	1
3679	0
3680	0
3681	1
3682	1
3683	2
3684	2
3685	1
3686	1
3687	1
3688	0
3689	0
3690	0
3691	0
3692	0
3693	0
3694	0
3695	0
3696	0
3697	0
3698	0
3699	1
3700	0
3701	0
3702	1
3703	1
3704	1
3705	1
3706	1
3707	0
3708	2
3709	1
3710	0
3711	1
3712	3
3713	2
3714	1
3715	1
3716	1
3717	2
3718	0
3719	0
3721	1
3722	0
3723	6
3724	2
3725	0
3726	0
3727	0
3728	0
3729	0
3730	3
3731	1
3732	1
3733	0
3734	0
3735	1
3736	1
3737	2
3738	0
3739	0
3740	0
3741	2
3742	0
3743	0
3744	0
3745	1
3746	0
3747	2
3748	0
3749	2
3751	1
3752	1
3753	2
3754	2
3755	0
3756	1
3757	0
3758	0
3759	0
3760	0
3761	0
3763	0
3764	0
3765	0
3766	0
3767	0
3768	0
3769	2
3770	1
3771	0
3772	0
3773	0
3774	0
3775	0
3776	0
3777	0
3779	0
3780	0
3781	0
3782	0
3783	0
3784	0
3785	0
3786	1
3787	0
3788	0
3789	0
3790	0
3791	0
3792	3
3793	2
3794	0
3795	0
3796	0
3797	0
3798	2
3799	0
3800	0
3801	2
3802	1
3803	1
3804	2
3805	0
3806	1
3807	0
3808	1
3809	1
3810	1
3811	0
3812	1
3813	1
3814	2
3816	0
3817	0
3818	1
3819	0
3820	0
3821	0
3822	0
3823	0
3824	1
3825	0
3826	0
3827	2
3829	0
3830	1
3831	0
3832	0
3833	0
3834	1
3836	1
3837	0
3838	0
3839	0
3840	0
3841	2
3843	0
3844	2
3845	1
3846	1
3847	0
3848	0
3849	0
3850	0
3851	0
3852	0
3853	0
3854	0
3855	0
3857	1
3858	0
3859	0
3860	1
3861	1
3862	0
3863	0
3864	0
3865	0
3866	1
3867	0
3868	0
3869	0
3870	1
3871	0
3872	2
3873	1
3874	1
3875	0
3876	0
3877	2
3878	0
3879	0
3880	0
3881	0
3882	1
3883	0
3884	1
3885	0
3886	0
3887	0
3888	0
3889	0
3891	0
3893	2
3894	0
3895	1
3896	2
3897	2
3898	1
3899	1
3900	0
3901	1
3902	0
3903	0
3905	0
3906	2
3907	0
3908	0
3909	0
3910	1
3911	0
3912	4
3913	0
3914	0
3915	0
3916	1
3917	0
3918	0
3919	0
3920	0
3921	1
3922	0
3923	0
3924	1
3925	0
3926	0
3927	0
3928	0
3929	0
3930	0
3931	0
3932	0
3933	0
3934	0
3936	0
3937	2
3938	0
3939	0
3940	0
3941	0
3942	0
3943	0
3944	0
3945	0
3946	1
3947	1
3948	1
3949	1
3950	0
3951	0
3952	2
3953	1
3954	0
3955	1
3956	2
3957	0
3958	0
3959	1
3960	0
3961	0
3962	0
3963	0
3964	0
3965	2
3966	0
3967	0
3968	0
3969	1
3970	0
3971	0
3972	0
3973	0
3974	0
3975	0
3976	0
3977	0
3978	4
3979	1
3980	2
3981	0
3982	0
3983	1
3984	1
3985	2
3986	1
3987	1
3988	1
3989	1
3990	1
3991	0
3992	0
3993	4
3994	1
3995	0
3996	1
3997	1
3998	2
3999	0
4000	5
4001	0
4002	0
4003	0
4005	0
4006	0
4007	2
4008	1
4009	0
4010	0
4011	2
4012	1
4013	0
4014	3
4015	0
4016	0
4017	0
4018	2
4019	2
4020	2
4021	3
4022	1
4023	1
4024	1
4025	1
4026	0
4027	2
4028	0
4029	1
4030	0
4031	1
4032	0
4033	0
4034	3
4035	1
4036	1
4037	0
4038	0
4039	0
4040	0
4041	0
4042	0
4043	2
4044	0
4045	0
4046	1
4047	1
4048	0
4049	1
4050	0
4051	0
4052	1
4053	0
4054	0
4055	2
4056	2
4057	0
4059	0
4060	1
4061	0
4062	2
4063	2
4064	0
4065	0
4066	0
4067	1
4068	0
4069	0
4070	0
4072	0
4073	0
4074	0
4076	0
4077	0
4078	1
4079	1
4080	1
4081	0
4082	1
4083	0
4084	0
4085	0
4086	0
4087	0
4088	2
4089	0
4090	0
4091	0
4092	0
4093	0
4094	0
4095	2
4096	0
4097	0
4098	0
4099	0
4100	0
4101	0
4102	0
4103	2
4104	0
4105	0
4106	0
4107	0
4108	2
4109	0
4110	1
4111	0
4112	0
4113	2
4114	0
4115	0
4116	0
4117	0
4118	0
4119	0
4120	0
4121	1
4122	2
4123	2
4124	1
4125	1
4126	1
4127	0
4128	0
4129	0
4130	0
4131	1
4132	0
4133	0
4135	0
4136	1
4137	0
4138	0
4139	0
4140	0
4141	0
4142	0
4143	0
4144	1
4145	0
4146	2
4147	0
4148	3
4149	0
4150	0
4151	0
4152	1
4153	0
4154	0
4155	1
4156	2
4157	0
4158	1
4159	0
4160	1
4161	3
4162	0
4163	0
4164	1
4165	0
4166	0
4167	2
4168	1
4169	0
4170	0
4171	0
4172	0
4173	0
4174	0
4175	0
4176	0
4177	2
4178	1
4179	0
4180	0
4181	1
4182	1
4183	0
4184	1
4185	0
4186	1
4187	1
4188	0
4189	3
4190	1
4191	2
4192	2
4193	0
4194	0
4195	0
4196	0
4197	1
4198	0
4199	0
4200	0
4201	3
4202	0
4203	0
4204	1
4205	2
4206	1
4207	0
4208	0
4209	0
4210	0
4211	1
4212	1
4213	0
4214	0
4215	0
4216	0
4217	0
4218	0
4219	0
4220	0
4221	0
4222	0
4223	1
4224	0
4225	0
4226	0
4227	0
4228	2
4229	0
4230	0
4231	1
4232	0
4233	0
4234	1
4235	0
4236	0
4237	0
4238	1
4239	2
4240	0
4241	0
4242	0
4243	0
4244	0
4245	0
4246	2
4247	1
4248	0
4249	1
4250	2
4251	0
4252	0
4253	0
4254	0
4255	0
4256	0
4258	4
4259	1
4260	0
4261	0
4262	2
4263	1
4265	0
4266	0
4267	1
4268	2
4269	1
4270	0
4271	0
4272	0
4273	0
4274	2
4275	1
4276	0
4277	1
4278	0
4279	1
4280	1
4281	2
4282	0
4283	1
4284	2
4285	2
4286	1
4287	3
4288	1
4289	0
4290	0
4291	1
4292	0
4293	0
4294	0
4295	1
4296	1
4297	0
4298	0
4299	1
4300	1
4301	0
4302	0
4303	0
4304	0
4305	0
4306	0
4307	0
4308	1
4309	0
4310	1
4311	0
4312	0
4313	3
4314	0
4315	0
4316	0
4317	1
4318	4
4319	1
4320	2
4321	0
4322	0
4323	2
4324	1
4325	0
4326	2
4327	1
4328	0
4329	1
4330	1
4331	0
4332	2
4333	0
4334	0
4335	0
4336	0
4337	1
4338	1
4339	0
4340	0
4341	0
4342	0
4343	0
4344	2
4345	2
4346	0
4347	0
4348	0
4349	4
4350	0
4351	0
4352	0
4353	1
4354	0
4355	0
4356	1
4357	2
4358	0
4359	1
4360	1
4361	4
4362	0
4363	2
4364	0
4365	0
4366	0
4367	2
4368	0
4369	0
4370	3
4371	0
4372	1
4373	0
4374	0
4375	0
4376	0
4377	1
4378	1
4379	0
4380	1
4381	0
4382	0
4383	0
4384	0
4385	1
4386	2
4387	0
4388	0
4389	0
4390	0
4391	0
4393	2
4394	1
4395	0
4396	0
4397	1
4398	0
4399	0
4401	0
4402	0
4403	0
4404	0
4405	0
4406	2
4407	0
4408	0
4409	4
4410	0
4411	1
4412	0
4413	0
4414	0
4415	0
4416	1
4417	0
4418	0
4419	0
4420	2
4421	0
4422	0
4423	1
4424	0
4425	0
4426	0
4427	3
4428	2
4429	2
4430	0
4431	0
4432	1
4433	1
4434	0
4435	0
4436	0
4437	0
4438	0
4439	0
4440	0
4441	0
4442	0
4443	1
4444	0
4445	0
4446	0
4447	1
4448	3
4449	0
4450	0
4451	0
4452	0
4453	1
4457	0
4458	0
4459	1
4461	1
4462	0
4463	0
4464	1
4465	1
4466	0
4467	2
4468	1
4469	2
4470	0
4471	1
4472	0
4473	1
4474	2
4475	0
4476	0
4477	1
4478	1
4479	0
4480	0
4481	0
4482	0
4483	0
4484	1
4485	0
4486	1
4487	1
4488	3
4489	1
4490	0
4491	1
4492	0
4493	0
4494	1
4495	0
4496	0
4497	0
4498	2
4499	1
4500	0
4501	0
4502	0
4503	1
4504	0
4505	0
4506	1
4507	0
4508	0
4509	1
4510	0
4511	2
4512	0
4513	0
4514	0
4515	0
4516	2
4517	0
4518	0
4519	0
4520	0
4521	1
4522	0
4523	1
4524	0
4525	0
4526	1
4527	0
4528	0
4529	0
4530	0
4531	0
4532	0
4533	0
4534	0
4535	1
4536	2
4537	0
4538	0
4539	0
4540	0
4541	0
4542	0
4543	1
4544	0
4545	0
4546	0
4547	1
4548	1
4549	1
4550	0
4551	1
4552	0
4553	0
4554	1
4555	1
4556	1
4557	1
4558	0
4559	0
4560	1
4561	0
4562	2
4563	0
4564	0
4565	0
4566	0
4567	0
4568	0
4569	0
4570	0
4571	0
4572	1
4573	1
4574	0
4575	0
4576	0
4577	1
4578	1
4579	1
4580	0
4581	0
4582	0
4583	0
4584	2
4585	0
4586	0
4587	1
4588	0
4589	0
4590	0
4591	2
4592	0
4593	2
4594	0
4595	2
4596	0
4597	0
4598	0
4599	1
4600	0
4601	0
4602	0
4603	0
4604	1
4605	0
4606	0
4607	3
4608	0
4609	2
4610	2
4611	2
4612	0
4613	0
4614	0
4615	0
4616	1
4617	0
4618	0
4619	0
4620	0
4621	0
4622	1
4623	0
4624	0
4625	0
4626	0
4627	2
4628	2
4629	1
4630	0
4631	2
4632	2
4633	1
4634	0
4635	1
4636	0
4637	0
4638	1
4639	3
4640	2
4641	0
4642	0
4643	1
4644	0
4645	0
4646	0
4649	0
4650	0
4651	1
4652	0
4653	0
4654	0
4655	0
4656	0
4657	0
4658	0
4659	2
4660	0
4661	2
4662	1
4663	0
4664	0
4665	0
4666	0
4667	0
4668	1
4669	0
4670	0
4671	0
4672	1
4673	0
4674	0
4675	0
4676	0
4677	1
4678	0
4679	1
4680	0
4681	1
4682	0
4683	0
4684	0
4685	0
4686	0
4687	1
4688	0
4689	0
4690	1
4691	0
4692	1
4693	0
4694	0
4695	0
4696	0
4697	0
4698	0
4699	1
4700	2
4701	2
4702	0
4703	3
4704	1
4705	0
4706	0
4707	1
4708	0
4709	2
4710	3
4711	0
4712	0
4713	0
4714	1
4715	0
4716	0
4717	0
4718	0
4719	1
4720	1
4721	1
4722	1
4723	1
4724	0
4725	0
4726	0
4727	2
4728	1
4729	0
4731	1
4732	0
4733	2
4734	1
4735	0
4736	0
4737	0
4738	1
4739	0
4740	1
4741	0
4743	0
4744	0
4745	1
4746	1
4747	0
4748	0
4749	0
4750	0
4751	1
4752	0
4753	3
4754	0
4755	0
4756	2
4757	0
4758	0
4759	0
4760	0
4761	0
4763	0
4764	0
4765	0
4766	0
4767	0
4768	0
4769	1
4770	1
4771	1
4772	0
4773	0
4774	0
4775	0
4776	1
4777	0
4778	0
4779	0
4780	1
4781	0
4782	0
4783	1
4784	2
4785	0
4786	0
4787	1
4788	0
4789	0
4790	0
4791	1
4792	0
4793	0
4794	0
4795	1
4796	2
4797	0
4798	2
4799	2
4800	0
4801	1
4802	1
4803	1
4804	2
4805	1
4806	0
4807	0
4808	1
4809	1
4810	0
4811	1
4812	1
4813	0
4814	1
4815	1
4816	3
4817	0
4818	0
4819	0
4820	0
4821	0
4822	0
4823	0
4824	0
4825	0
4826	0
4827	0
4829	0
4830	2
4831	0
4832	1
4833	2
4834	0
4835	2
4836	0
4837	1
4838	0
4839	0
4840	1
4841	0
4842	1
4843	0
4844	1
4845	0
4846	0
4847	0
4848	1
4849	0
4850	0
4851	1
4852	0
4853	1
4854	0
4855	1
4856	0
4857	0
4858	0
4859	0
4860	0
4861	0
4862	0
4863	0
4864	0
4865	1
4866	1
4867	0
4868	0
4869	0
4870	0
4871	0
4872	0
4873	1
4874	2
4875	0
4876	0
4877	0
4878	0
4879	0
4880	1
4881	1
4883	0
4884	0
4885	0
4886	0
4887	0
4888	1
4889	1
4890	1
4892	1
4893	0
4894	0
4895	0
4896	1
4897	0
4898	2
4899	0
4900	0
4901	2
4902	0
4903	2
4905	0
4907	0
4908	0
4909	0
4910	0
4911	0
4912	0
4914	1
4915	0
4916	3
4917	1
4918	1
4919	1
4920	1
4921	0
4922	0
4923	0
4924	1
4925	1
4926	0
4927	0
4928	0
4929	1
4930	1
4931	0
4932	0
4933	1
4934	0
4935	0
4936	0
4937	1
4938	0
4939	2
4940	1
4941	0
4942	0
4943	0
4944	0
4945	1
4946	0
4947	1
4948	0
4949	0
4950	0
4951	0
4952	0
4953	0
4954	5
4955	0
4956	0
4957	1
4958	1
4959	2
4960	0
4961	0
4962	0
4963	5
4964	0
4965	0
4966	0
4967	0
4968	0
4969	0
4970	1
4971	1
4972	0
4973	1
4974	0
4975	2
4976	2
4977	0
4978	1
4979	3
4980	0
4981	0
4982	0
4983	1
4984	0
4985	0
4986	0
4987	0
4988	0
4989	0
4990	0
4991	0
4992	1
4993	2
4994	1
4995	4
4996	0
4997	0
4998	1
4999	0
5000	0
5001	0
5002	0
5003	0
5004	0
5005	2
5006	0
5007	0
5008	0
5009	3
5010	0
5011	1
5012	0
5013	1
5014	3
5015	2
5016	4
5017	0
5018	0
5019	0
5020	0
5021	2
5022	0
5023	0
5024	0
5025	0
5026	0
5027	0
5028	0
5029	2
5030	0
5031	1
5032	1
5033	2
5034	0
5035	1
5036	2
5037	0
5038	0
5039	0
5040	0
5041	0
5042	0
5043	0
5044	2
5045	0
5046	0
5047	0
5048	0
5049	0
5050	0
5051	0
5052	0
5053	0
5054	2
5055	1
5056	0
5057	1
5058	0
5059	0
5060	1
5061	2
5062	2
5063	1
5064	0
5065	1
5066	0
5067	0
5068	0
5069	0
5071	0
5072	0
5073	0
5074	1
5075	0
5076	1
5077	0
5078	2
5079	0
5080	0
5081	1
5082	0
5083	0
5084	0
5085	0
5086	0
5087	0
5088	0
5089	0
5090	1
5091	0
5092	0
5093	0
5094	0
5095	1
5096	0
5097	0
5098	0
5099	0
5100	0
5101	0
5102	0
5103	0
5104	0
5105	1
5106	0
5107	0
5108	2
5109	0
5110	0
5111	0
5112	1
5113	1
5114	1
5115	2
5116	2
5117	0
5118	0
5119	0
5120	1
5121	0
5122	0
5123	0
5124	1
5125	0
5126	0
5127	1
5128	0
5129	0
5130	1
5131	0
5132	0
5133	0
5134	0
5135	0
5136	0
5137	0
5138	0
5139	0
5140	0
5141	0
5142	0
5143	0
5144	0
5145	0
5146	0
5147	0
5148	0
5149	1
5150	1
5151	0
5152	1
5153	0
5154	0
5155	0
5156	0
5157	0
5158	0
5159	1
5160	0
5161	0
5162	0
5163	0
5164	0
5165	0
5167	0
5168	0
5169	0
5170	0
5171	1
5172	2
5173	0
5174	1
5175	1
5176	0
5177	1
5178	1
5179	1
5180	0
5181	0
5182	0
5183	1
5184	3
5185	0
5186	0
5187	0
5188	1
5189	0
5190	0
5192	0
5193	1
5194	0
5195	0
5196	0
5197	0
5198	0
5199	0
5200	1
5201	0
5202	0
5203	0
5204	0
5205	0
5206	0
5207	1
5208	0
5209	0
5210	0
5211	0
5212	0
5213	0
5214	0
5215	0
5216	0
5217	0
5218	0
5219	1
5220	1
5221	0
5222	0
5223	0
5224	1
5225	0
5226	1
5227	1
5228	0
5229	0
5230	0
5231	0
5232	0
5233	0
5234	0
5235	0
5236	0
5237	3
5238	0
5239	0
5240	0
5241	0
5242	0
5243	0
5244	0
5245	0
5246	0
5247	0
5248	0
5249	0
5250	0
5251	0
5252	0
5253	0
5254	0
5255	0
5256	0
5258	0
5259	0
5260	0
5262	0
5263	0
5264	0
5265	2
5266	2
5267	0
5268	1
5269	0
5272	0
5273	0
5274	0
5275	0
5276	0
5277	0
5278	1
5279	1
5280	0
5281	0
5282	0
5283	0
5285	1
5286	0
5287	0
5288	0
5289	0
5290	0
5291	0
5292	1
5293	1
5294	0
5295	0
5296	0
5297	1
5298	2
5299	0
5300	2
5301	1
5302	2
5303	2
5304	1
5305	1
5306	1
5307	0
5308	0
5309	0
5310	1
5311	1
5312	0
5313	0
5314	0
5315	3
5316	1
5317	0
5318	0
5319	0
5321	1
5322	1
5323	0
5324	1
5325	1
5326	0
5327	0
5328	1
5329	0
5331	0
5332	2
5333	0
5334	2
5335	0
5336	0
5337	0
5338	1
5339	3
5340	0
5341	1
5342	0
5343	1
5344	0
5345	0
5346	0
5347	0
5348	1
5349	0
5350	0
5351	0
5352	2
5353	0
5354	1
5355	4
5356	0
5357	1
5358	0
5359	2
5360	0
5361	0
5362	0
5363	0
5364	1
5365	0
5366	0
5367	1
5368	0
5369	0
5370	0
5371	0
5372	1
5373	0
5374	0
5375	0
5376	0
5377	0
5378	2
5379	0
5381	0
5382	1
5383	0
5384	0
5385	0
5386	2
5387	1
5388	3
5389	1
5390	1
5391	1
5392	1
5393	2
5394	2
5395	0
5396	2
5397	0
5398	0
5399	2
5400	1
5401	0
5402	0
5403	0
5404	3
5405	1
5406	1
5407	0
5408	0
5409	0
5410	0
5411	0
5412	2
5413	0
5414	1
5415	0
5416	0
5417	0
5418	2
5419	0
5420	0
5421	0
5422	0
5423	0
5424	0
5425	0
5426	1
5427	0
5428	0
5429	1
5431	1
5432	0
5433	0
5434	2
5435	2
5436	1
5437	0
5438	0
5439	2
5440	1
5441	0
5442	0
5443	0
5444	0
5445	2
5446	0
5447	0
5448	0
5449	1
5450	0
5451	1
5452	1
5453	0
5454	0
5455	1
5456	0
5457	0
5458	0
5459	2
5460	0
5461	0
5462	0
5463	1
5464	2
5465	0
5466	0
5467	1
5468	0
5469	0
5470	2
5471	1
5472	0
5473	0
5474	0
5475	0
5476	0
5477	0
5478	0
5479	2
5480	1
5481	4
5482	1
5483	0
5484	0
5485	0
5486	0
5487	2
5488	0
5489	1
5490	0
5491	1
5492	0
5493	0
5494	0
5495	0
5496	0
5497	0
5498	0
5499	0
5500	0
5501	0
5502	2
5503	0
5504	0
5505	0
5506	1
5507	1
5508	0
5509	0
5510	0
5511	0
5512	0
5513	0
5514	0
5515	0
5516	0
5517	0
5518	0
5519	0
5520	0
5521	1
5522	0
5523	0
5524	0
5525	0
5526	0
5527	0
5528	0
5529	1
5530	2
5531	0
5532	0
5533	0
5534	2
5535	0
5537	0
5538	0
5539	0
5540	1
5541	0
5542	0
5543	0
5544	0
5545	0
5546	0
5547	0
5548	0
5549	0
5550	0
5551	0
5552	0
5553	1
5554	0
5555	0
5556	0
5557	0
5558	0
5559	0
5560	0
5561	0
5562	0
5563	2
5564	0
5567	0
5568	0
5569	0
5570	0
5572	0
5573	0
5574	0
5575	0
5576	1
5577	1
5580	0
5581	2
5582	0
5583	0
5584	0
5585	0
5586	2
5587	0
5588	0
5589	0
5590	0
5591	0
5592	0
5593	0
5595	0
5596	0
5597	0
5598	0
5599	0
5600	0
5601	1
5602	1
5603	2
5604	1
5605	0
5606	0
5607	0
5608	0
5609	0
5610	2
5611	1
5612	1
5613	1
5614	0
5615	0
5616	0
5617	0
5618	0
5619	0
5620	0
5621	0
5622	0
5623	0
5624	0
5625	3
5626	0
5627	0
5628	0
5629	0
5630	5
5631	1
5632	0
5633	1
5634	0
5635	0
5636	1
5637	1
5638	0
5639	0
5640	0
5641	1
5642	0
5643	0
5644	1
5645	1
5646	3
5647	0
5648	0
5649	0
5650	0
5651	0
5652	0
5653	0
5654	0
5655	2
5656	3
5657	0
5658	0
5659	0
5660	0
5661	0
5662	0
5663	0
5664	0
5665	1
5666	1
5667	2
5668	2
5669	1
5670	0
5671	0
5672	0
5673	2
5675	0
5676	0
5677	0
5678	1
5679	1
5680	0
5681	0
5682	0
5683	0
5684	1
5685	0
5686	0
5687	0
5688	0
5689	2
5690	0
5691	0
5692	0
5693	0
5694	0
5695	0
5696	0
5697	0
5698	0
5699	1
5700	0
5701	1
5702	2
5703	0
5705	1
5706	0
5707	1
5708	0
5709	1
5710	0
5711	0
5712	0
5714	0
5715	5
5716	0
5717	0
5718	1
5719	1
5720	0
5721	0
5722	1
5723	0
5724	0
5725	0
5726	0
5727	0
5728	0
5729	1
5730	0
5731	0
5732	0
5733	0
5734	0
5735	0
5736	0
5737	0
5738	0
5739	0
5740	0
5741	0
5742	0
5743	1
5744	0
5745	0
5746	0
5747	1
5748	0
5749	0
5750	0
5751	0
5752	0
5753	0
5754	1
5755	0
5756	0
5759	2
5760	0
5761	1
5762	0
5763	0
5764	0
5765	0
5766	0
5767	0
5768	0
5769	0
5770	0
5771	0
5772	0
5773	0
5774	0
5775	0
5776	0
5777	1
5778	1
5779	0
5780	0
5781	0
5782	0
5783	0
5784	0
5785	0
5786	0
5787	1
5788	0
5789	0
5790	0
5791	2
5792	0
5793	0
5794	0
5795	0
5796	1
5797	0
5798	0
5799	1
5800	1
5801	1
5802	1
5803	0
5804	0
5806	0
5807	0
5808	1
5809	0
5810	0
5811	0
5812	1
5813	1
5814	0
5815	0
5816	0
5817	1
5818	0
5819	0
5820	0
5821	0
5822	0
5823	0
5824	0
5825	0
5826	1
5827	0
5828	1
5829	0
5830	0
5831	0
5832	0
5833	0
5834	1
5835	0
5836	2
5837	0
5838	0
5839	0
5840	0
5841	1
5842	0
5843	0
5844	0
5845	1
5846	1
5847	2
5848	1
5849	0
5851	1
5852	0
5853	0
5854	0
5855	0
5856	0
5857	0
5858	0
5859	0
5860	0
5861	0
5862	0
5863	0
5864	0
5865	0
5866	1
5867	0
5868	0
5869	2
5870	0
5872	2
5873	1
5874	0
5875	0
5876	1
5878	2
5879	0
5880	0
5881	0
5882	1
5883	0
5884	0
5885	0
5886	0
5887	0
5888	0
5889	0
5890	0
5891	0
5892	0
5893	0
5895	2
5896	0
5897	0
5898	0
5899	2
5900	1
5901	0
5902	3
5903	2
5906	0
5907	0
5909	0
5910	0
5911	0
5912	0
5913	0
5914	0
5915	1
5916	0
5917	0
5918	0
5919	0
5921	1
5922	1
5923	1
5924	0
5925	0
5926	1
5927	0
5928	1
5929	0
5930	0
5931	0
5932	1
5933	1
5935	0
5936	1
5937	0
5938	1
5939	0
5940	0
5941	0
5942	1
5943	1
5944	1
5945	2
5946	0
5947	0
5948	0
5949	0
5950	0
5951	1
5952	2
5953	0
5954	2
5955	1
5956	3
5957	0
5958	1
5959	0
5960	0
5961	0
5962	1
5963	2
5964	0
5965	0
5966	1
5968	0
5969	0
5970	0
5971	0
5972	1
5973	0
5974	0
5975	3
5976	0
5977	0
5978	1
5979	0
5980	0
5981	0
5982	0
5983	0
5984	0
5985	0
5986	1
5987	0
5988	0
5989	5
5990	0
5991	1
5992	4
5993	0
5994	2
5995	0
5996	0
5997	0
5998	0
5999	0
6000	0
6001	1
6002	2
6003	0
6004	0
6005	0
6006	0
6007	0
6008	0
6009	0
6010	0
6011	0
6012	0
6013	0
6014	0
6015	0
6016	0
6017	0
6018	0
6019	0
6020	1
6021	0
6022	0
6023	0
6024	1
6025	1
6026	0
6027	0
6029	0
6030	0
6031	0
6032	2
6033	0
6035	0
6036	0
6037	0
6038	0
6039	0
6040	0
6041	0
6042	0
6043	0
6044	0
6045	0
6047	1
6048	1
6049	2
6050	1
6051	0
6052	0
6053	0
6054	0
6055	0
6056	0
6057	0
6058	0
6059	1
6060	1
6061	0
6062	2
6063	0
6064	1
6065	1
6066	1
6067	1
6068	0
6070	0
6072	0
6073	0
6074	1
6075	0
6076	1
6077	0
6078	1
6079	1
6080	0
6081	0
6082	0
6083	0
6084	1
6086	0
6087	0
6088	0
6089	0
6090	1
6091	0
6092	0
6093	2
6094	0
6095	0
6096	0
6097	0
6099	0
6100	1
6101	2
6102	3
6103	0
6104	0
6105	0
6106	1
6107	0
6108	0
6109	0
6110	0
6111	0
6112	0
6113	0
6114	0
6115	0
6116	3
6117	0
6118	0
6119	0
6120	0
6121	0
6122	0
6123	2
6124	0
6125	0
6126	0
6127	1
6128	0
6129	0
6130	0
6131	0
6132	0
6133	0
6134	1
6135	1
6137	1
6138	1
6139	0
6140	0
6141	0
6142	0
6143	1
6144	0
6145	0
6146	0
6147	0
6148	0
6149	0
6150	1
6151	0
6152	0
6153	0
6154	0
6155	0
6156	0
6157	0
6158	0
6159	0
6160	0
6161	0
6162	2
6163	1
6164	0
6166	0
6167	0
6168	0
6169	0
6170	0
6172	3
6173	0
6174	0
6175	0
6176	0
6177	0
6178	1
6179	1
6180	0
6181	0
6182	1
6183	1
6184	0
6185	0
6186	1
6187	3
6188	1
6190	0
6191	0
6192	0
6193	1
6194	1
6195	0
6196	0
6197	1
6198	1
6199	0
6200	0
6201	1
6202	0
6203	0
6204	2
6205	2
6206	1
6207	1
6208	0
6209	1
6210	0
6211	3
6212	0
6213	0
6214	0
6215	2
6216	0
6217	0
6218	1
6219	2
6220	0
6221	1
6222	2
6223	0
6224	0
6225	1
6226	0
6228	1
6229	0
6230	1
6231	0
6232	0
6233	1
6234	1
6235	1
6236	0
6237	1
6238	0
6239	0
6240	0
6241	0
6242	0
6243	0
6244	0
6245	1
6246	0
6247	0
6248	0
6249	0
6250	0
6251	0
6252	1
6254	1
6255	0
6256	0
6257	0
6258	0
6259	0
6260	0
6261	0
6262	0
6263	1
6264	1
6265	0
6266	1
6267	1
6268	0
6269	0
6270	0
6271	0
6272	0
6273	1
6274	0
6275	2
6276	1
6277	2
6278	0
6279	1
6280	0
6281	1
6282	0
6283	0
6284	0
6285	3
6286	0
6287	2
6288	0
6289	1
6290	0
6291	0
6292	1
6293	0
6294	0
6295	0
6296	0
6297	2
6298	0
6299	0
6300	0
6301	1
6302	0
6303	0
6304	0
6305	1
6306	0
6307	1
6308	1
6309	0
6310	1
6311	1
6312	0
6313	0
6314	0
6315	0
6316	0
6317	0
6318	0
6319	0
6320	1
6321	1
6322	1
6323	0
6324	2
6325	0
6326	0
6327	3
6328	0
6329	1
6330	1
6331	2
6332	0
6333	2
6334	0
6335	1
6336	0
6337	2
6338	0
6339	0
6340	0
6341	0
6342	0
6343	0
6344	0
6345	1
6346	0
6347	0
6348	0
6349	0
6350	0
6351	3
6352	0
6353	0
6354	0
6355	1
6356	2
6357	1
6358	0
6365	0
6366	0
6367	0
6368	0
6369	0
6370	1
6371	0
6373	1
6374	1
6375	0
6376	0
6377	1
6378	2
6379	0
6380	0
6382	0
6383	0
6384	0
6385	0
6386	1
6387	0
6388	0
6390	0
6391	0
6392	0
6394	1
6395	0
6396	0
6397	0
6398	1
6400	0
6401	1
6402	0
6403	1
6404	1
6405	2
6406	0
6407	1
6408	0
6409	1
6410	0
6411	1
6412	2
6413	2
6414	0
6415	1
6416	0
6417	0
6419	2
6421	1
6422	1
6423	0
6424	2
6425	0
6426	1
6427	0
6428	2
6429	1
6430	0
6431	0
6432	0
6433	0
6434	0
6435	1
6436	2
6437	1
6438	0
6439	2
6440	0
6441	3
6442	0
6443	1
6445	0
6446	1
6447	1
6448	0
6449	2
6450	1
6451	1
6452	3
6453	0
6454	1
6455	1
6456	0
6457	0
6458	0
6459	0
6460	1
6461	3
6462	1
6463	0
6464	0
6465	0
6466	1
6467	0
6468	0
6469	1
6470	1
6471	0
6472	0
6473	1
6474	0
6475	0
6476	0
6477	1
6478	3
6479	0
6480	1
6481	1
6482	0
6483	0
6484	1
6485	0
6486	0
6487	1
6488	1
6489	0
6490	0
6491	0
6492	0
6493	0
6494	0
6495	0
6496	1
6497	3
6498	1
6499	0
6500	0
6502	0
6503	0
6504	0
6505	0
6506	0
6507	0
6508	0
6509	0
6510	0
6511	0
6512	1
6513	1
6514	0
6515	1
6516	2
6517	0
6518	0
6519	0
6521	1
6522	0
6523	0
6524	0
6525	1
6526	0
6527	0
6528	1
6529	0
6530	1
6531	1
6532	0
6533	0
6534	2
6535	0
6536	2
6537	0
6538	0
6539	3
6540	0
6541	1
6542	0
6543	0
6544	0
6545	0
6546	0
6547	0
6548	1
6549	0
6550	1
6551	0
6552	1
6553	0
6554	0
6555	0
6556	0
6557	1
6558	0
6559	0
6560	1
6561	2
6562	1
6563	3
6564	1
6565	0
6566	0
6567	2
6568	0
6569	0
6570	0
6571	1
6572	0
6573	1
6574	0
6575	0
6576	1
6577	0
6578	1
6579	1
6580	0
6581	0
6582	0
6583	0
6584	1
6585	1
6586	0
6587	0
6588	1
6589	1
6590	0
6591	0
6592	0
6593	0
6595	1
6596	1
6597	0
6598	0
6599	0
6600	0
6601	0
6602	0
6603	0
6604	0
6605	0
6607	1
6608	0
6609	0
6610	0
6611	0
6612	0
6613	1
6614	1
6615	0
6616	0
6617	2
6618	0
6619	0
6620	0
6622	0
6623	0
6624	0
6625	0
6626	1
6627	0
6628	0
6629	0
6630	1
6631	0
6633	1
6634	0
6635	0
6636	1
6637	0
6638	0
6639	2
6641	1
6642	0
6643	0
6644	0
6645	1
6646	0
6647	0
6648	0
6649	1
6650	1
6651	0
6652	2
6653	1
6654	0
6655	0
6656	0
6657	0
6658	3
6659	0
6660	0
6661	0
6662	1
6663	2
6664	0
6665	0
6666	0
6667	0
6668	1
6669	0
6670	0
6671	0
6672	0
6673	0
6674	0
6675	0
6676	1
6678	2
6679	0
6680	0
6681	2
6682	0
6683	2
6684	0
6685	0
6686	0
6687	0
6688	0
6689	0
6690	1
6691	0
6692	0
6693	0
6694	0
6695	0
6696	0
6697	0
6698	0
6699	0
6700	0
6701	0
6702	0
6703	0
6704	0
6705	0
6706	0
6707	0
6708	0
6709	1
6710	1
6711	1
6712	0
6713	0
6714	0
6715	0
6716	0
6717	0
6718	0
6719	0
6720	1
6721	0
6722	0
6723	0
6724	0
6725	1
6726	0
6727	0
6728	1
6729	0
6730	0
6731	0
6732	0
6733	2
6734	0
6735	0
6736	0
6737	0
6738	1
6739	0
6740	0
6741	0
6742	0
6743	0
6744	0
6745	0
6746	0
6747	1
6748	0
6749	0
6750	2
6751	2
6752	0
6753	2
6754	0
6755	0
6756	0
6757	0
6759	0
6760	0
6761	4
6762	0
6763	0
6764	1
6765	1
6766	0
6768	0
6769	0
6770	0
6771	0
6772	0
6773	0
6774	0
6775	0
6776	0
6777	3
6778	0
6779	0
6780	0
6781	0
6782	0
6783	0
6784	0
6785	0
6786	0
6787	3
6788	1
6789	0
6790	0
6791	0
6792	0
6793	0
6794	0
6795	1
6796	0
6797	2
6798	1
6799	0
6800	0
6801	0
6802	3
6803	2
6804	0
6805	0
6806	0
6807	0
6808	2
6809	1
6810	1
6811	0
6812	0
6813	0
6814	1
6815	0
6816	0
6817	1
6818	0
6819	1
6820	0
6821	1
6822	1
6823	2
6824	0
6825	0
6826	0
6827	0
6828	0
6829	1
6830	0
6831	1
6832	2
6833	0
6834	0
6835	0
6836	0
6837	2
6839	1
6840	0
6841	1
6842	0
6843	0
6844	0
6845	2
6846	0
6847	0
6848	0
6849	1
6850	2
6851	0
6852	0
6853	0
6854	1
6855	0
6856	1
6857	0
6858	0
6859	0
6860	0
6861	0
6862	0
6863	0
6864	1
6865	1
6866	0
6867	0
6868	0
6869	0
6870	3
6871	0
6872	0
6873	2
6874	2
6875	0
6876	0
6877	0
6879	2
6880	0
6881	0
6882	0
6883	1
6884	1
6885	1
6886	1
6887	1
6888	0
6889	1
6890	0
6891	0
6892	2
6893	2
6894	0
6895	1
6896	0
6897	2
6898	0
6899	0
6900	0
6901	0
6902	2
6903	1
6905	2
6906	1
6907	0
6908	1
6909	0
6910	0
6911	0
6912	1
6913	0
6914	0
6915	0
6916	1
6917	0
6918	0
6919	0
6920	0
6921	0
6923	0
6924	0
6925	0
6926	0
6927	3
6928	0
6929	1
6931	0
6932	0
6934	0
6935	0
6936	0
6937	0
6938	0
6939	0
6940	0
6942	5
6944	1
6945	0
6946	0
6947	1
6948	0
6949	0
6950	2
6951	0
6952	2
6953	3
6954	0
6955	1
6956	0
6957	0
6958	0
6959	0
6960	0
6961	2
6962	0
6963	0
6964	0
6965	0
6966	2
6967	0
6968	0
6969	0
6970	2
6971	0
6972	0
6973	1
6974	1
6975	1
6976	0
6977	0
6978	0
6979	0
6980	1
6981	0
6982	0
6984	0
6985	0
6986	1
6987	0
6988	0
6989	0
6990	0
6991	0
6992	1
6993	2
6994	1
6995	0
6996	1
6997	1
6998	1
6999	0
7000	0
7001	0
7002	0
7003	0
7004	0
7005	2
7006	1
7007	1
7008	1
7009	2
7010	0
7011	0
7012	1
7013	1
7014	0
7015	0
7016	0
7017	0
7018	1
7019	0
7020	2
7021	0
7022	0
7023	0
7024	0
7025	0
7026	0
7027	3
7028	3
7029	0
7030	1
7031	0
7032	2
7033	0
7034	0
7035	1
7036	0
7037	1
7038	1
7039	0
7040	0
7041	0
7042	0
7043	0
7044	1
7045	0
7046	3
7047	0
7048	1
7049	0
7050	0
7051	3
7052	1
7053	0
7054	0
7055	0
7056	1
7057	3
7058	1
7059	1
7060	0
7061	2
7062	1
7063	0
7064	0
7065	0
7066	0
7067	1
7068	0
7069	0
7070	1
7071	1
7072	1
7073	1
7074	0
7075	0
7076	2
7077	0
7078	2
7079	0
7080	0
7081	1
7082	2
7083	2
7084	2
7085	1
7086	0
7087	1
7088	0
7089	0
7090	0
7091	0
7092	1
7093	2
7094	1
7095	1
7096	0
7097	0
7099	1
7100	0
7101	0
7102	2
7103	0
7104	0
7105	1
7106	0
7107	0
7108	0
7109	1
7110	0
7111	1
7112	2
7113	0
7114	2
7115	0
7116	1
7117	0
7118	0
7119	0
7120	0
7121	2
7122	0
7123	0
7124	2
7125	0
7126	0
7127	0
7128	0
7129	0
7130	1
7131	0
7132	0
7133	0
7134	0
7135	0
7136	0
7137	0
7138	0
7139	1
7141	0
7142	0
7143	1
7144	0
7146	0
7147	3
7148	0
7149	3
7150	0
7151	1
7152	2
7153	2
7154	2
7155	0
7156	0
7157	0
7158	2
7159	0
7160	2
7161	0
7162	4
7163	1
7164	0
7165	0
7166	0
7167	0
7168	0
7169	0
7170	0
7171	0
7172	0
7173	1
7174	0
7175	0
7176	0
7177	0
7178	1
7179	1
7180	0
7181	2
7182	0
7183	1
7184	2
7185	0
7186	0
7187	0
7188	1
7189	0
7190	0
7191	0
7192	0
7193	0
7194	1
7195	1
7196	2
7197	1
7198	1
7199	0
7200	1
7201	0
7202	0
7203	1
7204	1
7205	2
7206	0
7207	0
7208	0
7209	0
7210	1
7211	1
7212	1
7213	1
7214	1
7215	2
7216	1
7217	2
7218	1
7219	1
7220	0
7221	0
7222	0
7223	0
7224	0
7225	0
7226	2
7227	0
7228	1
7229	2
7230	0
7231	0
7232	1
7234	1
7235	0
7236	1
7237	3
7238	0
7239	2
7240	0
7241	0
7242	0
7243	0
7244	0
7245	0
7247	0
7248	1
7249	0
7250	0
7251	1
7252	0
7253	1
7254	0
7255	0
7256	0
7257	1
7258	0
7259	0
7260	0
7261	0
7262	0
7263	0
7264	0
7265	0
7266	0
7267	0
7269	0
7270	0
7271	0
7272	0
7273	1
7274	0
7275	1
7276	1
7277	1
7278	1
7279	2
7280	0
7281	0
7282	0
7283	2
7284	0
7285	5
7286	0
7288	0
7289	0
7290	0
7291	0
7292	0
7293	0
7294	1
7295	0
7297	0
7298	0
7299	1
7300	0
7301	0
7302	0
7303	0
7304	0
7305	0
7306	0
7307	0
7308	0
7309	0
7310	0
7311	0
7312	2
7313	1
7314	0
7315	1
7316	0
7317	0
7318	0
7319	0
7320	0
7321	1
7322	0
7323	0
7324	0
7325	1
7326	0
7327	0
7328	0
7329	2
7330	1
7331	0
7332	0
7333	0
7334	0
7335	0
7336	0
7337	1
7338	3
7339	1
7340	0
7341	4
7342	0
7343	0
7344	2
7345	0
7346	0
7347	1
7348	0
7349	0
7351	0
7352	0
7353	0
7354	3
7355	0
7356	1
7357	0
7358	9
7359	0
7360	0
7361	2
7362	2
7364	0
7365	0
7366	0
7367	1
7368	0
7369	0
7370	1
7371	3
7372	3
7373	1
7374	1
7375	0
7376	0
7377	2
7379	0
7380	1
7381	0
7382	0
7383	1
7384	0
7385	0
7386	1
7387	0
7388	1
7389	0
7390	0
7391	0
7392	0
7393	0
7394	0
7395	0
7396	0
7397	1
7398	0
7399	3
7401	0
7402	0
7403	0
7404	0
7405	2
7406	0
7407	0
7408	1
7409	0
7410	2
7411	0
7413	0
7414	0
7415	0
7416	1
7417	0
7418	0
7419	0
7420	1
7437	0
7438	2
7439	0
7440	0
7441	0
7442	1
7444	0
7445	2
7446	0
7447	0
7448	1
7449	1
7450	1
7451	1
7452	1
7453	0
7454	0
7455	0
7456	0
7457	1
7458	3
7459	0
7460	2
7461	0
7474	0
7478	0
7479	1
7480	3
7481	0
7482	0
7483	0
7484	0
7485	0
7486	0
7487	2
7488	0
7489	0
7490	0
7491	0
7492	3
7493	1
7521	0
7523	1
7541	0
7560	1
7561	0
7562	0
7563	0
7564	0
7565	0
7566	0
7567	2
7569	1
7570	0
7571	0
7572	1
7573	1
7574	0
7577	0
7578	0
7579	2
7580	2
7581	1
7582	1
7583	1
7584	2
7585	1
7586	0
7587	0
7613	2
7614	0
7615	0
7616	0
7617	2
7618	6
7619	1
7620	0
7621	0
7622	0
7623	0
7624	1
7625	0
7626	0
7627	0
7636	0
7637	1
7638	0
7639	0
7645	0
7646	0
7647	1
7648	1
7649	0
7650	0
7675	0
7697	2
7698	3
7699	0
7700	0
7701	0
7702	1
7703	0
7704	0
7705	2
7706	0
7707	0
7708	0
7713	0
7714	1
7716	0
7720	2
7723	0
7724	0
7725	1
7726	0
7727	1
7728	2
7730	1
7738	0
7739	0
7742	0
7743	0
7745	0
7748	0
7749	0
7751	1
7752	0
7753	1
7756	0
7757	0
7758	0
7759	0
7761	0
7762	1
7763	0
7764	0
7766	0
7767	0
7768	0
7769	0
7770	2
7771	0
7772	2
7773	0
7774	0
7775	0
7781	1
7782	0
7783	0
7784	0
7785	0
7786	0
7787	0
7789	0
7790	0
7791	0
7792	0
7802	0
7808	2
7809	0
7810	0
7811	1
7812	0
7813	0
7814	2
7815	0
7816	0
7817	1
7818	0
7820	0
7821	0
7822	3
7824	1
7826	0
7827	0
7828	1
7831	0
7832	0
7833	0
7834	1
7835	0
7836	0
7837	0
7838	0
7839	0
7840	1
7841	1
7842	0
7843	0
7844	0
7845	0
7846	0
7847	0
7872	1
7878	0
7879	0
7880	0
7881	0
7882	0
7883	0
7884	0
7885	0
7886	0
7887	1
7888	0
7889	1
7890	1
7891	0
7892	0
7893	0
7894	0
7895	0
7896	0
7897	1
7898	1
7899	0
7900	0
7901	0
7912	0
7913	0
7914	0
7915	0
7916	0
7917	0
7918	2
7919	0
7920	0
7921	0
7922	0
7923	1
7924	0
7925	0
7926	0
7928	0
7930	0
7931	2
7932	0
7933	0
7934	1
7935	0
7936	0
7937	0
7938	0
7939	0
7940	0
7941	0
7942	0
7943	3
7944	2
7945	1
7946	2
7947	0
7948	1
7949	1
7951	0
7952	0
7953	0
7954	0
7958	1
7959	0
7976	0
7979	0
7980	6
7981	0
7982	0
7983	1
7984	0
7985	0
7986	0
7987	0
7988	0
7989	0
7990	0
7991	0
7992	0
7993	0
7994	0
7995	0
8003	0
8004	0
8007	0
8008	1
8009	2
8010	1
8011	0
8012	0
8013	1
8014	0
8015	0
8016	1
8017	1
8019	0
8024	0
8025	0
8033	2
8035	0
8037	0
8039	0
8040	0
8041	1
8042	1
8043	0
8044	0
8045	1
8056	2
8057	1
8062	0
8063	0
8069	2
8070	0
8092	1
8093	0
8094	1
8117	0
8118	0
8119	0
8120	0
8121	0
8122	0
8123	0
8124	0
8125	0
8126	0
8127	0
8128	0
8129	0
8130	0
8131	1
8132	2
8133	0
8134	0
8136	0
8137	0
8138	0
8139	0
8140	0
8142	0
8143	0
8147	0
8148	0
8149	0
8153	1
8154	2
8157	0
8158	1
8167	0
8168	0
8169	0
8183	1
8187	1
8188	0
8189	0
8190	1
8191	2
8194	0
8195	0
8196	0
8197	0
8198	0
8199	0
8201	1
8202	1
8203	0
8206	0
8207	0
8208	1
8220	0
8221	0
8222	0
8225	0
8227	1
8228	1
8232	0
8235	0
8236	0
8238	1
8239	0
8240	0
8241	1
8252	0
8253	0
8254	2
8255	0
8256	1
8257	0
8258	0
8259	0
8260	0
8261	1
8262	0
8263	1
8264	0
8265	0
8266	0
8267	0
8268	1
8269	0
8270	0
8272	1
8273	1
8275	0
8290	0
8291	0
8292	0
8293	2
8294	0
8295	0
8302	2
8327	0
8330	1
8331	1
8332	0
8334	2
8336	0
8337	1
8338	0
8340	1
8341	0
8360	1
8361	0
8362	0
8363	0
8364	0
8365	0
8366	0
8367	0
8368	0
8369	0
8370	0
8371	1
8372	1
8373	2
8374	0
8375	1
8376	0
8377	0
8378	0
8379	0
8380	1
8381	1
8382	0
8383	1
8384	0
8385	1
8387	0
8388	0
8391	0
8392	0
8393	0
8395	0
8397	0
8398	0
8399	1
8400	0
8401	0
8402	0
8403	1
8404	0
8405	0
8407	1
8410	0
8411	0
8421	0
8422	0
8423	0
8424	0
8425	0
8426	0
8427	0
8446	1
8447	0
8450	0
8451	1
8452	0
8453	0
8454	0
8455	0
8456	0
8457	0
8458	0
8459	0
8460	0
8461	1
8462	2
8463	0
8464	0
8465	0
8477	0
8478	0
8480	1
8481	1
8482	0
8483	0
8484	0
8485	0
8486	0
8487	1
8488	0
8491	1
8492	0
8493	0
8494	2
8495	0
8496	1
8499	1
8501	0
8502	0
8503	1
8504	0
8505	0
8506	0
8507	0
8511	1
8512	2
8516	0
8518	1
8519	0
8520	0
8521	0
8522	0
8524	1
8525	0
8526	1
8527	0
8528	0
8529	1
8530	0
8531	0
8532	1
8533	0
8534	0
8535	1
8537	1
8540	1
8541	0
8542	0
8543	1
8544	0
8545	0
8571	1
8572	0
8573	0
8574	0
8575	1
8576	0
8577	0
8578	0
8580	0
8581	0
8582	0
8583	1
8584	1
8585	0
8586	0
8587	0
8588	0
8589	0
8591	0
8592	0
8593	1
8594	0
8595	1
8596	1
8597	0
8598	0
8599	0
8600	2
8601	0
8602	0
8603	0
8604	1
8605	1
8606	0
8607	0
8608	0
8609	1
8610	0
8611	0
8612	1
8613	1
8614	0
8615	0
8616	1
8617	1
8618	0
8619	0
8620	0
8621	0
8622	0
8623	0
8624	0
8626	0
8628	1
8629	0
8630	0
8631	0
8632	0
8633	0
8634	1
8635	0
8636	0
8637	0
8638	1
8639	1
8640	1
8642	0
8643	0
8645	0
8647	0
8648	0
8649	1
8650	2
8651	2
8652	1
8653	0
8654	0
8655	0
8656	0
8657	1
8658	1
8659	0
8660	0
8661	5
8662	4
8663	0
8664	0
8665	2
8666	1
8667	1
8668	1
8669	1
8670	0
8671	0
8672	0
8673	0
8674	0
8675	1
8676	0
8677	0
8678	0
8679	3
8680	0
8681	0
8682	1
8683	0
8684	0
8685	0
8686	1
8687	0
8688	2
8689	0
8690	0
8692	0
8693	1
8694	1
8695	1
8696	1
8697	0
8698	1
8699	0
8700	1
8701	0
8702	0
8703	0
8704	1
8705	0
8706	0
8708	0
8709	0
8710	0
8711	1
8712	1
8713	0
8714	1
8715	0
8716	1
8718	0
8719	2
8720	0
8721	0
8722	2
8723	0
8724	0
8725	0
8726	0
8727	0
8728	0
8729	1
8730	0
8731	1
8732	0
8733	0
8734	1
8735	1
8736	0
8737	0
8738	0
8739	1
8740	0
8741	1
8742	0
8743	0
8744	0
8745	1
8746	0
8747	0
8748	1
8749	0
8751	0
8752	0
8753	3
8754	0
8755	0
8756	0
8757	1
8758	1
8759	0
8760	0
8761	0
8762	0
8763	0
8765	0
8766	0
8767	0
8768	0
8769	0
8770	0
8771	0
8772	1
8773	0
8774	0
8775	1
8777	0
8778	0
8779	1
8780	0
8781	0
8782	1
8783	1
8784	1
8785	0
8786	0
8787	0
8788	0
8789	1
8790	0
8791	0
8792	0
8793	0
8794	0
8795	1
8796	1
8797	2
8798	3
8799	2
8800	2
8801	0
8803	0
8804	0
8805	0
8806	0
8807	0
8808	2
8809	0
8810	0
8811	0
8812	0
8813	2
8814	0
8815	0
8818	0
8821	0
8822	0
8823	0
8825	0
8826	0
8827	0
8828	1
8829	0
8830	0
8831	1
8832	0
8833	0
8834	0
8835	0
8836	0
8837	0
8838	2
8839	0
8840	0
8841	0
8842	0
8843	0
8844	0
8845	0
8846	0
8847	0
8848	0
8849	0
8850	0
8851	0
8852	1
8853	0
8854	0
8855	0
8856	0
8858	0
8859	2
8860	0
8861	1
8862	0
8864	0
8865	3
8866	1
8867	0
8868	1
8869	1
8870	1
8871	0
8872	0
8873	0
8874	0
8875	1
8876	1
8878	0
8879	3
8880	0
8881	0
8882	1
8883	0
8884	1
8885	1
8886	0
8887	0
8889	0
8890	0
8891	1
8892	0
8893	0
8894	0
8895	0
8896	0
8897	1
8898	0
8899	1
8900	0
8901	0
8902	0
8903	0
8905	0
8906	0
8907	4
8908	0
8909	0
8910	2
8911	0
8912	1
8913	2
8914	0
8915	0
8916	1
8917	0
8918	1
8919	1
8920	2
8921	2
8922	0
8923	0
8924	0
8925	0
8926	0
8927	0
8928	0
8929	0
8930	0
8931	0
8932	0
8933	0
8934	0
8935	1
8936	0
8937	0
8938	0
8939	1
8941	0
8942	0
8943	2
8944	0
8945	0
8946	0
8947	0
8948	2
8949	0
8950	1
8951	0
8952	0
8954	0
8955	0
8956	1
8957	0
8958	1
8959	2
8960	0
8961	0
8962	0
8963	1
8964	1
8965	1
8966	2
8967	0
8968	1
8969	2
8970	4
8971	0
8972	2
8973	0
8974	0
8976	0
8977	3
8978	0
8979	0
8980	0
8981	2
8982	0
8983	1
8984	5
8985	0
8986	0
8987	0
8988	0
8989	0
8990	0
8991	0
8992	0
8993	0
8994	1
8995	0
8996	0
8997	0
8998	5
8999	7
9000	1
9001	1
9002	3
9003	0
9004	0
9005	0
9007	0
9008	0
9009	0
9010	1
9011	1
9012	2
9013	0
9014	1
9015	0
9017	0
9018	0
9019	0
25736	0
25737	0
25744	0
25746	0
25750	1
25752	1
25753	0
25755	0
25757	1
25759	0
25762	0
25763	0
25764	1
25766	0
25769	1
25771	0
25773	0
25774	0
25777	0
25783	1
25788	2
25793	3
25795	0
25797	0
25798	0
25802	0
25805	0
25825	1
25826	1
25827	1
25828	2
25832	2
25833	1
25835	0
25839	0
25840	0
25841	1
25850	0
25855	2
25856	1
25865	0
25866	0
25868	2
25870	0
25878	1
25885	0
25886	0
25888	1
25891	1
25893	0
25898	0
25899	2
25900	0
25901	3
25903	0
25904	0
25905	0
25906	1
25908	1
25914	0
25916	1
25923	3
25924	0
25927	0
25929	0
25930	0
25931	0
25934	4
25937	0
25938	2
25941	0
25942	0
25943	0
25945	0
25946	1
25947	0
25951	1
25952	1
25954	0
25960	0
25961	1
25962	0
25963	0
25964	0
25971	2
25975	0
25977	0
25993	0
25995	1
25996	0
25999	0
26002	1
26005	0
26007	0
26012	0
26038	0
26048	0
26049	0
26052	0
26055	0
26059	0
26064	0
26067	0
26073	0
26078	2
26079	0
26082	0
26084	0
26085	2
26094	0
26096	1
26101	1
26107	2
26110	0
26111	2
26112	1
26113	0
26116	1
26117	3
26119	0
26122	0
26123	0
26124	0
26128	4
26131	0
26133	0
26134	0
26136	1
26138	0
26139	3
26142	1
26144	1
26147	1
26148	0
26150	0
26151	0
26152	0
26155	2
26158	0
26159	0
26163	0
26170	0
26171	0
26172	1
26174	1
26178	1
26181	1
26185	0
26187	0
26189	1
26198	0
26199	0
26203	0
26208	0
26211	0
26222	0
26225	0
26226	1
26228	0
26230	1
26231	0
26240	1
26241	2
26242	0
26246	1
26249	0
26251	0
26258	0
26265	0
26269	0
26270	0
26271	0
26277	0
26280	3
26283	0
26285	0
26289	0
26294	1
26301	1
26302	2
26303	2
26306	0
26313	0
26318	0
26323	0
26326	0
26336	0
26339	0
26345	2
26349	1
26350	1
26359	2
26360	0
26364	0
26366	0
26371	2
26375	0
26379	3
26386	0
26388	0
26391	3
26393	0
26394	2
26398	0
26404	0
26413	0
26414	2
26422	0
26425	1
26431	1
26462	1
26464	0
26465	0
26472	0
26476	0
26479	1
26483	0
26485	1
26487	0
26488	1
26491	0
26492	0
26494	0
26495	0
26497	1
26498	0
26504	0
26509	0
26513	0
26521	1
26524	0
26527	0
26544	0
26547	1
26550	0
26554	0
26555	0
26558	0
26561	1
26562	0
26564	0
26566	1
26567	0
26577	0
26578	0
26585	0
26599	0
26603	0
26606	0
26614	2
26616	0
26629	0
26649	3
26662	0
26663	0
26676	1
26677	1
26680	1
26681	0
26682	0
26686	0
26688	0
26693	0
26694	1
26695	0
26696	0
26698	1
26700	0
26704	3
26713	1
26726	0
26729	5
26734	1
26743	0
26744	2
26745	2
26746	0
26750	0
26758	0
26770	0
26776	0
26778	0
26782	0
26788	1
26791	2
26792	0
26796	0
26803	0
26810	0
26811	0
26812	0
26819	0
26828	0
26834	0
26838	0
26840	0
26841	0
26842	0
26861	0
26865	0
26870	0
26875	0
26898	0
26901	1
26903	0
26915	0
26934	0
26939	0
26950	0
26965	0
26974	0
26976	1
26982	0
26985	0
26989	1
26996	0
27005	0
27020	2
27022	0
27109	0
27114	0
27186	0
27193	1
27255	0
27266	2
27271	0
27316	0
27317	0
27338	1
27340	0
27362	0
27368	0
27370	0
27376	0
27391	2
27397	0
27402	0
27408	1
27410	0
27416	0
27432	0
27434	0
27436	0
27450	1
27456	2
27491	0
27509	1
27513	0
27523	0
27528	0
27537	0
27555	0
27563	0
27564	0
27573	0
27584	0
27587	1
27592	0
27604	0
27608	0
27611	0
27618	1
27620	0
27627	0
27636	0
27644	0
27648	1
27660	0
27664	0
27674	1
27679	0
27685	0
27689	0
27700	0
27706	1
27716	0
27721	3
27722	0
27727	0
27728	0
27731	0
27734	2
27735	0
27736	0
27741	0
27744	0
27746	0
27765	1
27768	0
27772	0
27773	0
27776	0
27778	0
27783	0
27788	1
27790	0
27792	0
27797	0
27801	0
27803	1
27808	0
27812	0
27815	0
27816	0
27820	0
27821	2
27822	0
27826	0
27828	0
27830	0
27831	0
27833	0
27834	0
27837	0
27838	0
27839	2
27841	1
27843	0
27846	0
27850	0
27851	0
27857	0
27864	0
27865	0
27866	0
27869	0
27873	0
27874	0
27875	1
27876	0
27878	0
27879	0
27882	1
27884	0
27888	0
27899	0
27904	2
27905	0
27912	0
30659	3
30701	1
30707	3
30712	0
30721	1
30745	0
30747	0
30749	2
30783	0
30793	0
30803	0
30810	0
30812	2
30816	0
30818	1
30820	0
30822	0
30825	2
30846	3
30848	0
30850	2
30883	0
30890	0
30892	0
30894	0
30896	0
30898	0
30942	1
30949	0
30952	1
30954	1
30970	2
30977	0
30981	1
30991	0
30996	0
31000	2
31004	0
31011	0
31026	0
31030	0
31032	0
31035	0
31038	1
31040	0
31042	0
31047	0
31049	0
31053	0
31060	2
31079	0
31083	1
31086	0
31090	0
31101	0
31104	0
31107	0
31109	0
31112	0
31114	0
31116	1
31123	0
31148	0
31150	0
31156	0
31160	0
31162	3
31184	0
31188	0
31193	0
31221	0
31223	2
31225	1
31247	0
31251	0
31255	0
31260	1
31263	0
31270	0
31309	0
31347	0
31349	0
31359	0
31362	0
31364	0
31367	0
31408	0
31410	0
31420	0
31422	0
31424	0
31427	1
31429	0
31431	0
31433	1
31435	0
31437	0
31445	0
31447	0
31467	0
31485	2
31494	0
31522	0
31528	1
31545	1
31547	0
31553	0
31555	0
31577	1
31584	0
31588	1
31590	0
31594	0
31598	0
31600	0
31610	1
31613	1
31617	2
31658	2
31660	0
31682	0
31685	1
31687	0
31689	0
31692	0
31694	0
31696	1
31698	0
31700	0
31702	0
31705	0
31724	2
31737	1
31742	0
31747	0
31750	0
31770	2
31785	0
31804	0
31807	0
31854	0
31867	1
31878	0
31900	0
31903	0
31909	0
31923	1
31930	0
31934	1
31950	0
31952	0
31956	0
31973	0
31998	0
32002	0
32009	0
32011	0
32013	1
32017	0
32019	1
32022	0
32025	0
32029	0
32031	1
32049	0
32058	1
32060	0
32062	0
32074	0
32076	0
32078	0
32082	2
32084	0
32088	0
32090	0
32109	0
32116	0
32120	0
32124	0
32128	0
32139	1
32141	0
32149	0
32151	2
32153	0
32156	0
32158	1
32160	0
32162	0
32166	2
32170	2
32174	1
32179	0
32211	0
32213	0
32234	2
32239	0
32261	2
32285	0
32289	0
32291	0
32294	0
32296	0
32298	0
32300	0
32302	0
32314	0
32316	0
32318	0
32325	0
32329	0
32333	0
32335	0
32342	0
32345	0
32347	0
32349	1
32352	0
32354	0
32361	0
32369	0
32371	1
32375	0
32381	0
32383	0
32385	0
32387	0
32389	0
32392	0
32395	0
32444	0
32456	0
32460	0
32469	2
32525	0
32582	0
32584	1
32587	1
32589	0
32591	0
32593	1
32596	0
32598	0
32600	3
32602	0
32605	0
32617	0
32620	1
32625	0
32627	0
32632	0
32646	0
32649	1
32657	1
32666	0
32668	1
32674	1
32677	0
32721	1
32743	0
32770	0
32781	2
32792	0
32825	0
32844	1
32853	0
32862	1
32875	0
32882	0
32892	0
32954	0
32966	0
32988	2
33004	0
33036	1
33072	1
33085	0
33113	0
33124	0
33126	1
33132	0
33134	0
33136	1
33138	0
33145	0
33148	0
33150	0
33152	2
33154	0
33158	1
33162	3
33164	0
33166	2
33168	4
33171	0
33188	0
33191	0
33193	1
33237	2
33296	0
33312	0
33340	0
33358	0
33410	0
33421	0
33437	1
33451	0
33454	0
33493	2
33495	1
33499	1
33539	1
33558	0
33564	0
33585	0
33592	0
33603	0
33608	0
33615	0
33621	0
33629	0
33639	0
33644	0
33646	0
33649	0
33660	2
33669	0
33672	1
33675	0
33677	0
33679	2
33681	0
33683	0
33685	0
33688	0
33722	1
33725	0
33750	0
33781	2
33794	5
33815	0
33817	0
33819	0
33821	1
33823	2
33826	0
33830	0
33832	0
33834	0
33836	3
33838	0
33880	0
33896	0
33903	0
33905	2
33966	0
34002	0
34018	0
34048	3
34065	1
34072	1
34129	0
34143	1
34148	0
34150	0
34153	0
34155	0
34158	0
34162	2
34164	1
34170	0
34177	2
34185	0
34189	0
34193	0
34198	1
34271	0
34292	0
34299	3
34319	0
34321	0
34323	0
34326	0
34330	2
34332	0
34334	1
34336	2
34338	0
34353	2
34359	0
34405	0
34437	4
34482	0
34499	1
34520	0
34523	1
34526	0
34528	1
34530	0
34532	2
34534	0
34536	0
34538	0
34540	0
34542	0
34579	0
34583	2
34608	0
34643	0
34645	0
34648	0
34767	0
35015	0
35836	0
35957	1
36056	1
36152	0
36276	1
36397	2
36401	3
36477	0
36509	0
36511	0
36513	0
36517	1
36519	0
36523	0
36525	0
36527	2
36529	0
36531	0
36533	0
36535	0
36537	1
36539	0
36541	0
36553	0
36708	0
36752	0
37211	0
37240	0
37287	0
37335	0
37380	0
37382	0
37384	0
37386	2
37475	2
37477	0
37545	0
37720	0
37727	1
37729	3
37731	0
37733	1
37736	0
37739	0
37741	1
37830	0
37837	0
37844	0
37846	1
37853	0
37855	2
37857	0
37955	1
37957	3
37976	0
38038	2
38061	1
38095	0
38188	0
38198	0
38294	0
38304	0
38388	0
38499	3
38600	1
38701	1
38798	1
38824	0
38886	1
38992	1
38994	1
39052	0
39183	2
39231	2
39234	3
39292	2
39307	0
39369	1
39381	2
39390	0
39394	0
39398	0
39400	0
39402	0
39408	0
39410	0
39414	0
39416	0
39419	0
39421	0
39425	0
39427	1
39429	0
39435	0
39441	0
39444	1
39446	0
39449	2
39474	0
39659	0
39703	1
39715	0
39869	2
39886	2
39896	0
40010	0
40148	0
40278	1
40337	0
40339	0
40412	0
40414	0
40491	0
40494	0
40574	0
40581	0
40583	3
40586	0
40614	0
40629	2
40723	0
40732	0
40752	0
40815	2
40817	0
40819	1
40826	0
40833	0
40851	1
40870	0
40887	0
40946	0
40952	1
40955	1
40959	0
40962	0
40964	0
40966	3
40969	0
40973	1
40988	1
41014	0
41025	0
41136	2
41285	0
41336	0
41411	0
41425	0
41527	0
41564	0
41566	2
41569	1
41571	2
41573	2
41575	0
41585	1
41617	1
41627	0
41699	0
41716	0
41721	0
41769	0
41831	0
41863	1
41997	1
42002	1
42004	0
42007	2
42009	0
42011	0
42013	1
42015	2
42018	1
42021	1
42053	0
42094	0
42197	0
42213	0
42217	0
42418	2
42556	0
42602	0
42632	0
42634	0
42681	1
42718	0
42721	1
42723	0
42725	0
42728	0
42730	0
42732	0
42734	1
42736	0
42738	0
42740	0
42783	0
42900	0
43011	0
43333	0
43376	0
43391	0
43396	1
43419	0
43460	0
43556	0
43558	0
43560	2
43679	0
43684	0
43708	0
43710	0
43744	0
43836	1
43853	0
43869	0
43871	2
43899	0
43904	0
43906	0
43908	0
43910	0
43912	2
43914	1
43917	0
43919	0
43921	0
43923	0
43926	3
43928	1
43930	0
43932	0
43934	2
43936	0
43987	0
44004	1
44022	0
44058	2
44073	1
44161	1
44168	1
44189	0
44191	2
44193	0
44195	1
44197	0
44199	3
44204	0
44225	0
44301	0
44397	0
44399	1
44494	0
44511	0
44555	0
44587	0
44595	1
44613	0
44633	0
44653	0
44657	0
44665	0
44694	0
44709	0
44729	0
44731	0
44759	0
44761	0
44777	0
44788	0
44815	0
44828	0
44840	0
44844	0
44849	0
44864	0
44889	0
44911	2
44929	2
44937	0
44949	0
44972	0
44974	1
44978	0
45028	4
45062	1
45074	0
45081	0
45106	0
45175	0
45183	0
45186	2
45208	1
45210	0
45221	1
45335	1
45361	1
45382	1
45412	0
45431	0
45440	1
45442	0
45447	3
45499	3
45501	1
45503	0
45517	2
45525	2
45611	2
45635	0
45658	0
45662	1
45664	0
45666	0
45668	1
45672	1
45679	0
45720	2
45722	3
45726	1
45728	0
45730	0
45732	1
45852	0
45880	1
45928	3
45950	0
45981	0
46034	0
46062	0
46194	0
46231	0
46258	2
46322	0
46335	0
46337	1
46347	0
46430	0
46530	2
46559	0
46572	0
46574	0
46578	1
46581	0
46653	0
46664	0
46723	2
46772	1
46803	1
46839	0
46850	0
46855	1
46865	0
46901	1
46919	0
46948	0
46959	1
46965	1
46967	1
46970	1
46972	1
46974	0
46976	2
47044	2
47049	0
47099	1
47117	0
47122	0
47124	2
47148	0
47200	0
47202	2
47254	0
47261	1
47264	0
47274	0
47306	0
47330	0
47382	0
47384	0
47394	0
47423	0
47446	0
47465	1
47493	0
47516	0
47518	0
47610	1
47615	0
47629	0
47634	0
47640	0
47642	0
47644	0
47646	0
47721	0
47723	0
47725	0
47728	0
47778	0
47793	0
47805	0
47810	0
47815	0
47830	0
47836	0
47894	0
47907	0
47937	0
47940	0
47950	1
47952	0
47956	1
47970	0
47976	1
47978	1
47997	0
47999	0
48032	0
48043	0
48061	0
48082	0
48142	1
48150	0
48159	3
48161	0
48198	0
48214	0
48231	0
48262	0
48301	0
48304	0
48319	0
48322	0
48326	3
48342	1
48374	0
48385	0
48394	0
48412	0
48414	0
48416	0
48516	4
48518	0
48520	0
48522	0
48560	2
48567	3
48584	1
48591	0
48593	3
48596	0
48598	1
48600	1
48649	0
48678	0
48682	0
48696	2
48698	0
48711	0
48738	1
48741	0
48744	0
48774	2
48780	2
48783	0
48791	0
48856	1
48872	0
48877	0
48879	1
48883	0
48899	0
48909	0
48943	0
48982	2
48997	2
49007	2
49013	2
49110	0
49130	2
49132	0
49200	1
49205	0
49220	0
49263	0
49265	1
49272	1
49274	2
49276	0
49278	0
49280	2
49282	0
49284	1
49286	0
49312	0
49314	1
49347	1
49355	0
49396	2
49422	0
49524	0
49526	0
49528	0
49530	2
49571	0
49642	0
49644	0
49647	3
49649	0
49651	0
49666	2
49688	0
49772	2
49793	0
49817	1
49822	4
49824	1
49856	0
49910	1
49932	3
49957	0
49961	2
50003	0
50005	1
50011	0
50064	2
50066	0
50068	0
50147	0
50149	0
50151	2
50153	0
50158	0
50160	2
50162	1
50189	0
50229	2
50253	1
50259	0
50274	1
50347	0
50354	0
50356	1
50440	0
50442	0
50445	0
50447	0
50477	0
50514	0
50583	0
50601	0
50619	0
50658	0
50685	0
50792	1
50794	0
50796	0
50798	0
50800	0
50802	1
50804	1
50806	0
50842	0
50851	0
50858	1
50872	1
50898	0
50912	3
50923	0
50970	1
51007	0
51014	0
51037	0
51077	0
51080	1
51082	0
51084	0
51086	0
51088	0
51091	2
51094	1
51127	0
51174	0
51255	0
51277	0
51304	0
51314	0
51372	0
51412	1
51418	1
51471	0
51498	0
51540	1
51562	0
51575	1
51638	1
51660	0
51662	0
51666	0
51678	1
51694	0
51698	0
51705	1
51709	0
51834	1
51857	0
51884	0
51903	0
51911	3
51925	0
51927	0
51931	1
51933	0
51935	0
51937	0
51939	1
51991	0
52005	1
52037	0
52042	0
52101	0
52227	2
52241	0
52245	0
52279	0
52281	0
52283	1
52285	0
52287	0
52321	1
52328	0
52352	0
52356	1
52375	0
52413	0
52435	1
52448	2
52456	1
52458	0
52460	0
52462	0
52545	0
52561	0
52579	0
52591	1
52604	1
52606	0
52644	0
52666	0
52668	1
52694	0
52712	0
52715	0
52717	1
52722	1
52724	2
52767	0
52838	1
52867	1
52885	0
52929	0
52950	0
52952	0
52967	1
52973	0
52975	2
53000	0
53002	1
53004	0
53038	1
53121	1
53123	0
53125	3
53127	0
53129	0
53131	0
53133	0
53143	0
53161	0
53189	0
53207	1
53318	0
53322	5
53326	0
53349	0
53355	0
53435	0
53447	0
53450	3
53460	1
53464	0
53466	0
53468	0
53476	0
53519	0
53550	1
53574	0
53578	0
53737	2
53769	0
53835	0
53883	0
53887	0
53894	0
53921	1
53953	1
53956	0
53972	0
53974	1
53988	1
53993	1
53996	0
53999	0
54001	4
54004	0
54075	0
54094	1
54116	0
54190	0
54193	1
54196	0
54256	1
54259	4
54268	0
54270	0
54272	1
54274	0
54276	0
54278	1
54281	1
54284	0
54286	1
54290	1
54328	0
54331	1
54372	0
54419	0
54503	1
54505	0
54510	0
54513	2
54612	1
54621	0
54648	0
54686	2
54691	0
54732	1
54734	0
54736	1
54745	0
54768	0
54771	1
54775	0
54780	0
54783	1
54785	0
54787	0
54796	1
54881	1
54910	0
54934	0
54958	1
54962	0
54978	1
54995	0
54997	2
54999	0
55020	1
55052	2
55063	0
55069	0
55071	0
55080	1
55094	3
55100	1
55110	0
55116	0
55118	1
55154	0
55156	0
55159	0
55176	0
55178	1
55190	1
55205	0
55232	1
55241	1
55245	0
55247	0
55250	0
55253	0
55255	1
55257	0
55259	0
55261	0
55267	1
55269	2
55272	2
55274	3
55276	2
55278	1
55280	0
55282	0
55284	2
55286	2
55288	2
55290	2
55292	0
55363	1
55391	0
55402	0
55417	0
55419	0
55440	0
55442	3
55444	1
55451	0
55492	0
55498	1
55507	3
55517	0
55553	0
55555	0
55566	0
55577	0
55603	1
55620	0
55668	0
55687	0
55721	0
55726	0
55729	1
55732	0
55765	2
55768	3
55805	2
55814	0
55820	2
55830	0
55844	0
55851	0
55854	3
55872	1
55895	1
55901	0
55908	0
55926	1
55946	3
55955	2
55995	3
55999	2
56001	1
56003	0
56015	0
56028	0
56030	2
56060	0
56067	1
56141	0
56145	0
56152	3
56156	0
56158	0
56165	0
56167	0
56169	0
56171	3
56174	1
56176	0
56251	0
56274	1
56286	4
56333	2
56339	0
56367	1
56389	1
56508	0
56511	0
56563	0
56587	2
56607	0
56633	0
56671	0
56700	0
56715	0
56719	0
56744	1
56748	0
56757	2
56775	2
56782	1
56788	4
56801	0
56805	0
56885	0
56908	0
56915	0
56921	0
56941	0
56945	0
56949	0
57147	0
57223	0
57243	0
57274	0
57326	0
57353	1
57368	0
57370	1
57401	2
57464	0
57476	2
57480	1
57484	0
57504	0
57509	0
57520	0
57522	0
57526	1
57528	0
57530	0
57532	0
57534	0
57536	0
57538	0
57550	0
57640	1
57655	0
57669	1
57690	1
57792	0
57845	1
57865	0
57910	0
57949	0
57951	0
57964	0
58025	2
58029	0
58047	1
58059	0
58078	2
58084	0
58103	1
58105	0
58107	0
58146	0
58154	1
58156	0
58162	0
58191	0
58246	0
58291	0
58293	0
58295	0
58297	0
58299	0
58301	1
58303	0
58306	0
58309	0
58315	1
58332	0
58334	0
58347	1
58351	0
58367	1
58376	0
58381	0
58418	1
58439	2
58490	2
58492	0
58494	1
58559	5
58595	0
58622	0
58627	0
58652	0
58655	0
58706	0
58783	0
58803	1
58806	1
58839	2
58876	0
58879	0
58898	0
58964	0
58972	1
58975	0
58998	0
59000	1
59014	0
59016	1
59018	0
59022	0
59026	0
59037	2
59044	0
59065	0
59103	0
59105	0
59107	1
59118	0
59126	0
59129	0
59141	0
59143	0
59157	0
59173	1
59256	0
59258	0
59290	1
59295	0
59306	0
59313	0
59315	3
59333	0
59336	0
59339	1
59362	0
59369	1
59382	1
59387	0
59392	0
59404	0
59418	1
59421	0
59440	0
59478	0
59501	2
59519	0
59590	0
59594	2
59604	0
59607	0
59615	3
59655	0
59684	0
59709	1
59715	0
59721	0
59725	0
59727	0
59729	1
59731	0
59738	0
59784	2
59795	0
59810	3
59816	0
59832	1
59834	0
59900	0
59908	0
59910	1
59912	0
59915	0
59985	0
59995	0
60037	0
60040	2
60044	0
60046	0
60069	0
60072	2
60074	2
60126	2
60133	0
60135	0
60137	0
60141	1
60147	0
60161	0
60189	0
60201	0
60237	0
60286	0
60289	0
60291	1
60293	1
60295	0
60309	1
60322	1
60333	0
60336	2
60341	0
60363	0
60389	0
60391	0
60393	0
60397	2
60405	2
60411	0
60418	0
60421	1
60471	0
60484	0
60487	0
60503	0
60514	0
60516	0
60522	0
60524	1
60526	0
60530	0
60566	0
60590	0
60618	0
60647	1
60649	0
60654	0
60674	0
60688	0
60728	0
60735	0
60745	0
60753	0
60756	0
60758	1
60760	0
60763	0
60766	0
60832	0
60894	1
60937	0
60939	0
60941	0
60943	0
60946	1
60948	0
60950	1
60983	0
60990	0
61011	1
61024	0
61037	0
61048	1
61071	0
61073	0
61075	1
61123	0
61132	2
61160	3
61167	0
61210	1
61236	0
61240	0
61246	6
61248	0
61250	1
61253	0
61255	1
61257	0
61262	0
61267	0
61279	1
61289	0
61312	0
61323	5
61348	0
61350	0
61352	1
61354	0
61357	0
61361	2
61394	0
61401	1
61434	1
61465	0
61470	0
61473	0
61475	0
61560	0
61628	0
61634	0
61646	0
61678	0
61697	2
61705	1
61707	0
61724	0
61729	0
61742	0
61816	0
61818	0
61862	0
61931	0
61934	1
61937	0
61941	0
61950	0
61961	2
61967	0
61970	0
61986	3
61991	0
62000	0
62010	0
62049	2
62081	0
62113	2
62137	1
62153	1
62155	0
62198	0
62203	0
62235	0
62245	0
62250	0
62254	0
62265	2
62293	2
62299	0
62331	0
62336	0
62344	1
62374	2
62376	2
62378	0
62390	0
62394	0
62434	0
62437	0
62439	0
62511	3
62526	2
62553	0
62577	0
62586	1
62644	0
62660	0
62662	0
62669	0
62671	0
62718	0
62721	0
62729	0
62733	0
62764	1
62788	0
62792	2
62796	0
62799	0
62801	0
62803	0
62834	0
62836	0
62849	0
62851	0
62912	0
62916	0
62920	0
62956	0
62970	0
62972	0
62999	0
63033	1
63062	2
63069	0
63082	0
63113	1
63119	0
63121	0
63131	0
63181	0
63187	0
63189	0
63194	0
63222	0
63237	2
63239	0
63276	0
63310	0
63329	0
63339	0
63393	0
63433	0
63436	0
63446	1
63458	0
63479	0
63481	1
63540	0
63617	0
63647	0
63662	0
63676	0
63698	0
63760	1
63768	0
63772	0
63793	0
63806	0
63808	0
63853	1
63859	0
63876	1
63989	0
63992	0
64030	0
64032	3
64034	0
64114	0
64116	0
64229	0
64231	0
64245	0
64249	0
64273	0
64278	0
64280	0
64283	0
64285	0
64288	0
64338	1
64368	0
64418	0
64427	0
64497	0
64499	4
64501	3
64508	0
64519	1
64575	3
64611	1
64614	1
64620	0
64622	2
64701	0
64716	1
64750	0
64839	1
64900	0
64903	0
64906	0
64918	0
64921	0
64926	0
64930	0
64942	0
64957	3
64959	0
64969	0
64976	0
64983	1
64986	1
64990	0
64993	0
64997	3
64999	0
65006	0
65011	0
65037	0
65088	0
65091	1
65126	0
65130	3
65133	1