neg_train	tt0306047	5765;5764;5763;5762;5761;5760;5759
neg_train	tt0219400	9058;9057;9056;9055;9054
neg_train	tt0089841	4618;4617;4616;4615;4614;4613;4612;4611
neg_train	tt0117110	12406;12405
neg_train	tt0109830	8806;8805;8804
neg_train	tt0393597	426;425;424;423;422;421;420
neg_train	tt0119527	5341;5340;5339
neg_train	tt0318974	4597
neg_train	tt0386741	2003
neg_train	tt0116756	10812;10811;10810;10809;10808;10807;10806;10805;10804;10803;10802;10801;10800;10799;10798;10797;10796;10795;10794
neg_train	tt0049408	10531;10530;10529
neg_train	tt0156729	11888;11887
neg_train	tt0332658	10976;10975;10974;10973;10972;10971
neg_train	tt0113849	7979
neg_train	tt0120275	10617;10616;10615;10614;10613;10612;10611
neg_train	tt0398027	6671;6670;6669;6668;6667;6666;6665;6664
neg_train	tt0266391	11847;11846;11845;11844;11843;11842;11841;11840;11839
neg_train	tt0234215	4495;4494;4493;4492;4491;4490;4489;4488;4487;4486;4485;4484;4483
neg_train	tt0871426	10719;10718;10717;10716;10715;10714
neg_train	tt0429177	1274;1273;1272;1271
neg_train	tt0273607	10549;10548;10547;10546;10545
neg_train	tt0115495	12135;12134;12133;12132;12131
neg_train	tt0138987	6519;6518;6517;6516;6515;6514;6513;6512;6511
neg_train	tt0166813	3783;3782;3781;3780;3779;3778;3777;3776
neg_train	tt0363240	10967
neg_train	tt0329717	7744;7743;7742;7741;7740;7739;7738;7737
neg_train	tt0165854	6368;6367
neg_train	tt0291502	11518;11517;11516;11515;11514;11513;11512;11511;11510;11509;11508;11507;11506;11505
neg_train	tt0292501	1364;1363
neg_train	tt0113117	12335;12334;12333;12332
neg_train	tt0396555	9046;9045;9044;9043;9042;9041
neg_train	tt0117603	6949;6948;6947;6946
neg_train	tt0117608	12316;12315;12314;12313;12312;12311;12310;12309;12308;12307;12306
neg_train	tt0116601	8922
neg_train	tt0397535	4514;4513;4512;4511;4510;4509;4508;4507;4506;4505;4504;4503
neg_train	tt0145660	5913;5912;5911;5910;5909;5908
neg_train	tt0086946	212;211;210
neg_train	tt0120151	4472;4471;4470
neg_train	tt0318850	11295;11294
neg_train	tt0112740	4685;4684;4683;4682;4681;4680;4679;4678;4677
neg_train	tt0374563	10236;10235;10234;10233
neg_train	tt0112749	9569;9568
neg_train	tt0102175	3992;3991;3990;3989;3988;3987
neg_train	tt0113305	2709;2708;2707;2706;2705;2704;2703;2702;2701;2700;2699;2698;2697;2696
neg_train	tt0953318	6893
neg_train	tt0243655	9622;9621;9620
neg_train	tt0096073	7948;7947;7946;7945;7944;7943
neg_train	tt0382806	7533;7532;7531;7530
neg_train	tt0138874	8839
neg_train	tt0111194	11826;11825;11824
neg_train	tt0126604	1562;1561;1560;1559;1558
neg_train	tt0432260	10793
neg_train	tt0335563	1680;1679;1678;1677;1676;1675;1674;1673
neg_train	tt0164052	419;418;417;416;415;414;413;412;411;410;409;408;407;406;405;404;403;402;401;400;399
neg_train	tt0440963	937;936;935
neg_train	tt0252028	3487;3486;3485;3484;3483;3482;3481;3480;3479;3478;3477;3476;3475;3474;3473;3472;3471;3470
neg_train	tt0087803	8954;8953;8952;8951;8950;8949;8948;8947;8946;8945;8944
neg_train	tt0377818	3298;3297;3296;3295;3294;3293;3292;3291;3290;3289;3288;3287;3286;3285;3284;3283;3282;3281;3280;3279;3278;3277;3276;3275;3274;3273
neg_train	tt0211938	264;263;262;261;260;259;258;257;256;255;254
neg_train	tt0119052	4291;4290;4289
neg_train	tt0454848	11690;11689;11688;11687;11686;11685;11684;11683;11682;11681;11680;11679;11678;11677
neg_train	tt0373469	8608
neg_train	tt0086250	3787;3786;3785;3784
neg_train	tt0406816	12499;12498
neg_train	tt0083678	9907
neg_train	tt0160216	11945;11944;11943
neg_train	tt0087507	1369;1368;1367
neg_train	tt0132347	2011
neg_train	tt0097937	1334;1333
neg_train	tt0116928	2823;2822
neg_train	tt0378947	6360;6359;6358;6357;6356;6355;6354;6353;6352;6351;6350;6349;6348;6347;6346;6345;6344;6343
neg_train	tt0120577	7017;7016;7015;7014;7013;7012;7011
neg_train	tt0084920	9419;9418
neg_train	tt0926129	673;672;671;670;669;668;667;666;665;664;663;662;661;660;659;658;657;656;655;654;653;652;651;650;649;648;647;646;645;644
neg_train	tt0405422	524;523;522;521;520;519
neg_train	tt0090713	3737;3736
neg_train	tt0119534	4206;4205;4204;4203;4202;4201;4200;4199
neg_train	tt0091738	11553;11552
neg_train	tt0245407	234;233;232;231;230;229;228;227;226;225;224;223;222;221;220
neg_train	tt0099674	11781;11780;11779;11778;11777
neg_train	tt0329101	12097;12096
neg_train	tt0295289	3867;3866;3865;3864;3863;3862;3861;3860;3859;3858;3857;3856;3855;3854;3853;3852;3851
neg_train	tt0465624	2087;2086;2085;2084;2083;2082;2081;2080;2079;2078;2077;2076;2075;2074;2073;2072
neg_train	tt0110763	4212;4211;4210;4209;4208
neg_train	tt0450385	3998;3997;3996;3995;3994;3993
neg_train	tt0250202	12360;12359
neg_train	tt0117589	8122;8121;8120;8119;8118;8117;8116;8115
neg_train	tt0101917	2375;2374;2373;2372;2371;2370;2369;2368;2367;2366;2365;2364;2363;2362;2361;2360;2359;2358;2357
neg_train	tt0381707	11663;11662;11661;11660
neg_train	tt0111323	9950;9949;9948;9947
neg_train	tt0110443	8877;8876;8875;8874;8873;8872;8871
neg_train	tt0497323	6046;6045;6044;6043;6042
neg_train	tt0805526	5126;5125;5124;5123;5122;5121;5120;5119;5118;5117;5116;5115
neg_train	tt0337563	8268;8267;8266;8265
neg_train	tt0141369	7211;7210;7209;7208;7207;7206;7205;7204;7203;7202;7201;7200;7199;7198;7197;7196;7195;7194;7193
neg_train	tt0420332	7535
neg_train	tt0273253	11886;11885;11884;11883;11882;11881;11880;11879;11878;11877;11876
neg_train	tt0363547	6996;6995;6994;6993;6992;6991;6990;6989
neg_train	tt0300453	11860;11859
neg_train	tt0472198	5943;5942;5941;5940;5939;5938;5937
neg_train	tt0092804	2349
neg_train	tt0102945	4451;4450;4449;4448;4447
neg_train	tt0108358	11744
neg_train	tt0257044	2911;2910;2909
neg_train	tt0100666	498;497;496;495;494
neg_train	tt0400497	6772;6771;6770;6769;6768;6767;6766
neg_train	tt0154443	9688;9687;9686;9685;9684;9683;9682;9681;9680;9679;9678;9677;9676
neg_train	tt0250310	7468;7467;7466;7465;7464;7463;7462;7461;7460;7459;7458;7457;7456;7455
neg_train	tt0096787	539
neg_train	tt0098084	3567;3566;3565;3564;3563;3562;3561
neg_train	tt0384814	7602;7601;7600;7599;7598;7597;7596;7595;7594;7593;7592;7591;7590;7589
neg_train	tt0240890	11395;11394;11393
neg_train	tt0480025	8176;8175
neg_train	tt0096098	4777;4776
neg_train	tt0105265	193;192;191;190;189;188;187
neg_train	tt0211181	2622;2621;2620;2619;2618;2617;2616;2615;2614;2613;2612;2611;2610;2609;2608
neg_train	tt0114887	11035
neg_train	tt0182295	5399;5398;5397;5396;5395;5394;5393
neg_train	tt0195234	3312;3311;3310;3309;3308;3307;3306;3305;3304
neg_train	tt0104549	8730;8729;8728
neg_train	tt0486583	8197;8196;8195;8194;8193;8192;8191;8190;8189;8188;8187;8186;8185
neg_train	tt0117979	5132;5131;5130;5129
neg_train	tt0421054	3031;3030;3029;3028;3027;3026;3025;3024;3023;3022;3021;3020;3019;3018;3017;3016;3015
neg_train	tt0787475	11455;11454;11453;11452;11451;11450;11449;11448;11447;11446;11445;11444;11443;11442
neg_train	tt0099165	8100;8099;8098;8097;8096;8095;8094;8093;8092
neg_train	tt0218433	9499;9498
neg_train	tt0277941	77;76;75;74;73;72;71;70;69;68;67;66
neg_train	tt0170016	1928;1927;1926;1925;1924;1923
neg_train	tt0090196	12342;12341;12340;12339;12338;12337
neg_train	tt0162024	6275;6274;6273
neg_train	tt0314166	11757;11756;11755;11754;11753;11752;11751
neg_train	tt0770810	3040;3039;3038;3037;3036;3035
neg_train	tt0253840	4441;4440;4439;4438;4437;4436;4435;4434
neg_train	tt0084329	6165;6164
neg_train	tt0317676	9198;9197;9196;9195;9194;9193;9192;9191;9190;9189;9188;9187;9186;9185;9184;9183;9182;9181;9180;9179;9178;9177;9176;9175;9174;9173;9172;9171;9170;9169
neg_train	tt0105629	5160;5159;5158;5157;5156;5155;5154;5153;5152
neg_train	tt0101540	12193;12192;12191;12190;12189;12188;12187;12186;12185;12184
neg_train	tt0100168	11338;11337
neg_train	tt0110632	6765;6764;6763;6762
neg_train	tt0417148	10457;10456;10455;10454;10453;10452;10451;10450;10449;10448;10447;10446;10445;10444;10443;10442;10441;10440;10439;10438
neg_train	tt0455590	8424;8423;8422
neg_train	tt0100680	3;2;1
neg_train	tt0144604	6560;6559;6558
neg_train	tt0120620	2683;2682;2681;2680
neg_train	tt0087452	8519
neg_train	tt0092627	9718;9717;9716
neg_train	tt0783608	10013;10012;10011;10010;10009;10008
neg_train	tt0365686	3543;3542;3541;3540;3539;3538;3537;3536;3535;3534;3533;3532;3531;3530;3529
neg_train	tt0082948	12331;12330;12329;12328;12327;12326
neg_train	tt0091993	3410;3409;3408;3407;3406;3405;3404;3403
neg_train	tt0162236	11972
neg_train	tt0419026	11921
neg_train	tt0791304	5525;5524;5523;5522;5521;5520;5519;5518;5517;5516
neg_train	tt0375785	11441;11440;11439;11438;11437;11436;11435;11434;11433;11432;11431;11430;11429;11428;11427;11426
neg_train	tt0388888	2730
neg_train	tt0112346	11532
neg_train	tt0231775	3718;3717;3716;3715;3714;3713;3712;3711;3710;3709;3708;3707;3706;3705;3704;3703;3702;3701;3700;3699
neg_train	tt0107497	3986;3985;3984
neg_train	tt0091188	5758;5757;5756
neg_train	tt0385880	9752
neg_train	tt0119019	9584
neg_train	tt0316188	1048;1047;1046;1045;1044;1043;1042;1041;1040;1039;1038;1037
neg_train	tt0117332	11798;11797;11796;11795
neg_train	tt0086190	236
neg_train	tt0382073	9340;9339
neg_train	tt0443632	2644;2643;2642;2641;2640;2639;2638;2637;2636;2635;2634;2633;2632;2631;2630
neg_train	tt0116477	786;785
neg_train	tt0117283	7247;7246;7245;7244;7243;7242;7241;7240;7239;7238;7237;7236
neg_train	tt0170691	1099;1098;1097;1096;1095
neg_train	tt0120831	5819;5818;5817;5816;5815;5814
neg_train	tt0095613	11964;11963
neg_train	tt0049261	11332;11331;11330;11329
neg_train	tt0424095	11837;11836;11835;11834;11833;11832;11831;11830;11829;11828;11827
neg_train	tt0120102	8212;8211;8210;8209
neg_train	tt0120338	3143;3142;3141;3140;3139;3138;3137;3136
neg_train	tt0375154	11288
neg_train	tt0439815	8448;8447
neg_train	tt0254199	9229;9228;9227;9226;9225;9224;9223;9222;9221
neg_train	tt0082958	10314;10313
neg_train	tt0087957	2788;2787
neg_train	tt0912593	10587;10586
neg_train	tt0420223	10216;10215
neg_train	tt0218817	8749;8748;8747;8746;8745;8744;8743;8742;8741;8740;8739
neg_train	tt0114095	393;392
neg_train	tt0105812	11120;11119;11118
neg_train	tt0082242	11409
neg_train	tt0357277	10970;10969;10968
neg_train	tt0242998	147;146;145;144;143;142;141;140;139;138;137;136;135;134;133
neg_train	tt0323298	1154;1153;1152;1151
neg_train	tt0257106	11659;11658;11657;11656;11655;11654;11653;11652;11651;11650;11649
neg_train	tt0023551	8408;8407
neg_train	tt0092796	7967;7966;7965;7964;7963;7962;7961;7960
neg_train	tt0211219	3999
neg_train	tt0314630	8297;8296;8295;8294;8293;8292;8291;8290
neg_train	tt0985699	5320
neg_train	tt0082351	8089;8088;8087
neg_train	tt0455538	2935;2934;2933;2932
neg_train	tt0161023	9252;9251;9250;9249;9248
neg_train	tt0200550	5976;5975;5974;5973;5972;5971;5970;5969;5968;5967;5966
neg_train	tt0088915	3391;3390;3389;3388;3387;3386;3385;3384;3383;3382;3381;3380;3379;3378;3377;3376;3375;3374;3373;3372
neg_train	tt0091159	2545;2544;2543
neg_train	tt0092656	3589
neg_train	tt0305396	10502;10501;10500;10499;10498;10497;10496;10495;10494;10493;10492
neg_train	tt0174336	1654;1653;1652;1651;1650;1649;1648;1647;1646;1645;1644;1643;1642;1641;1640;1639;1638;1637;1636;1635
neg_train	tt0211492	163
neg_train	tt0093629	11547;11546
neg_train	tt0089731	4322;4321;4320;4319;4318;4317
neg_train	tt0120481	4675;4674;4673;4672;4671;4670;4669;4668
neg_train	tt0375210	8788;8787;8786;8785;8784;8783;8782;8781;8780;8779;8778;8777;8776
neg_train	tt0167456	6000;5999;5998;5997;5996;5995;5994;5993;5992;5991;5990;5989;5988;5987;5986;5985;5984;5983;5982;5981
neg_train	tt0120616	10398
neg_train	tt0423169	8366
neg_train	tt0805570	11112;11111;11110;11109;11108;11107;11106;11105;11104;11103;11102;11101;11100
neg_train	tt0266915	6604
neg_train	tt0497116	6248;6247;6246;6245;6244;6243;6242;6241;6240;6239;6238;6237;6236;6235;6234
neg_train	tt0401711	1068;1067;1066;1065;1064;1063
neg_train	tt0120894	10239;10238
neg_train	tt0343660	8338
neg_train	tt0457572	2468;2467;2466
neg_train	tt0105631	162
neg_train	tt0246404	6258;6257;6256
neg_train	tt0271259	1915;1914;1913
neg_train	tt0101764	6839;6838;6837;6836;6835;6834;6833;6832;6831;6830
neg_train	tt0303816	7316;7315;7314;7313;7312;7311;7310;7309;7308;7307;7306;7305;7304;7303;7302;7301;7300;7299;7298;7297
neg_train	tt0091149	6389
neg_train	tt0107057	9845;9844
neg_train	tt0190524	6032;6031;6030;6029;6028;6027;6026;6025;6024;6023;6022;6021;6020;6019;6018;6017;6016;6015;6014;6013;6012;6011;6010;6009;6008;6007;6006
neg_train	tt0800069	7866;7865;7864;7863;7862;7861;7860;7859;7858;7857;7856;7855;7854;7853;7852;7851;7850;7849;7848;7847;7846;7845;7844
neg_train	tt0437407	7678
neg_train	tt0099128	10192;10191
neg_train	tt0120742	10181;10180;10179;10178;10177;10176
neg_train	tt0382765	8838;8837;8836;8835;8834;8833;8832;8831;8830;8829;8828
neg_train	tt0048261	10339;10338;10337;10336
neg_train	tt0119196	1090;1089;1088;1087;1086;1085;1084;1083;1082;1081;1080;1079;1078;1077;1076;1075;1074;1073;1072;1071;1070
neg_train	tt0203019	1934
neg_train	tt0080319	4695
neg_train	tt0101969	1268;1267;1266
neg_train	tt0242193	11483
neg_train	tt0265662	1057
neg_train	tt0090799	303
neg_train	tt0765447	538;537;536;535;534;533;532;531;530;529;528;527;526
neg_train	tt0114057	1821
neg_train	tt0203408	10477;10476;10475;10474;10473;10472;10471;10470;10469;10468;10467;10466;10465;10464;10463;10462;10461;10460;10459
neg_train	tt0101635	2174
neg_train	tt0391198	1696;1695;1694;1693;1692;1691;1690;1689;1688;1687;1686;1685;1684;1683;1682
neg_train	tt0847897	3073;3072;3071
neg_train	tt0088933	6005
neg_train	tt0439289	5886;5885;5884;5883;5882;5881;5880;5879
neg_train	tt0399877	4594;4593;4592;4591;4590;4589;4588;4587;4586;4585;4584;4583;4582;4581;4580;4579;4578;4577;4576;4575;4574;4573;4572;4571;4570
neg_train	tt0372532	6742;6741;6740;6739;6738;6737;6736;6735
neg_train	tt0088939	153;152
neg_train	tt0292963	2695;2694
neg_train	tt0098663	5081;5080
neg_train	tt0091129	340;339;338;337;336;335;334;333
neg_train	tt0219653	4926;4925;4924;4923;4922;4921;4920
neg_train	tt0421239	3686;3685;3684;3683;3682;3681
neg_train	tt0206742	9980;9979;9978
neg_train	tt0448075	3122;3121;3120;3119;3118;3117;3116;3115;3114;3113;3112;3111;3110;3109
neg_train	tt0103976	6446
neg_train	tt0188453	3399;3398;3397;3396;3395;3394
neg_train	tt0314353	11971;11970;11969;11968
neg_train	tt0144084	10399
neg_train	tt0101452	1101
neg_train	tt0454792	10164;10163;10162;10161
neg_train	tt0815241	12104;12103;12102;12101;12100;12099;12098
neg_train	tt0918927	5307;5306;5305;5304
neg_train	tt0213446	65
neg_train	tt0268978	6151;6150;6149;6148;6147
neg_train	tt0084489	11967
neg_train	tt0116191	3320;3319;3318;3317;3316;3315;3314;3313
neg_train	tt0480242	2906;2905;2904;2903;2902;2901;2900;2899;2898;2897;2896
neg_train	tt0109287	374;373;372;371;370;369;368;367;366
neg_train	tt0857265	4765;4764;4763;4762;4761;4760;4759;4758;4757;4756;4755;4754
neg_train	tt0117665	8451
neg_train	tt0103596	12139;12138;12137;12136
neg_train	tt0107563	11940;11939;11938;11937;11936
neg_train	tt0343135	9631;9630;9629;9628;9627;9626;9625;9624;9623
neg_train	tt0097981	11601;11600;11599;11598;11597;11596;11595;11594;11593;11592;11591;11590;11589;11588;11587;11586;11585
neg_train	tt0090830	8566;8565;8564;8563
neg_train	tt0183056	1132;1131;1130;1129;1128;1127;1126
neg_train	tt0430304	8388;8387;8386;8385;8384;8383;8382;8381;8380;8379;8378;8377;8376;8375;8374;8373;8372;8371;8370;8369;8368;8367
neg_train	tt0120861	2742;2741
neg_train	tt0262396	10525;10524;10523
neg_train	tt0162677	7513;7512;7511;7510;7509;7508;7507;7506;7505;7504;7503;7502;7501;7500;7499;7498;7497;7496
neg_train	tt0243595	7332;7331;7330;7329
neg_train	tt0087799	6397;6396;6395;6394
neg_train	tt0490204	2893
neg_train	tt0369226	7676;7675;7674;7673;7672;7671;7670;7669;7668;7667;7666;7665;7664;7663;7662;7661;7660;7659;7658;7657;7656;7655;7654;7653;7652;7651;7650
neg_train	tt0230011	1933;1932;1931;1930;1929
neg_train	tt0088760	9707;9706;9705;9704;9703;9702
neg_train	tt0144168	6458
neg_train	tt0105316	725;724;723
neg_train	tt0348150	7827;7826;7825;7824;7823;7822;7821;7820;7819;7818;7817;7816;7815;7814;7813;7812
neg_train	tt0343818	10760;10759;10758;10757;10756;10755;10754;10753
neg_train	tt0346156	11258;11257;11256;11255;11254;11253;11252;11251;11250;11249;11248;11247;11246;11245;11244;11243;11242;11241;11240
neg_train	tt0082498	9768
neg_train	tt0123324	8345
neg_train	tt0297037	5184
neg_train	tt0430922	5244;5243;5242;5241;5240
neg_train	tt0939681	11572;11571;11570;11569
neg_train	tt0097044	965;964;963;962
neg_train	tt0444628	1879;1878;1877;1876;1875;1874;1873;1872
neg_train	tt0388139	12375
neg_train	tt0486321	11362;11361;11360;11359;11358;11357;11356;11355;11354;11353;11352;11351;11350;11349
neg_train	tt0106834	2393;2392;2391;2390;2389;2388;2387;2386;2385;2384;2383;2382;2381;2380;2379;2378;2377
neg_train	tt0114788	12397;12396
neg_train	tt0800099	9922;9921;9920
neg_train	tt0275067	2482;2481;2480;2479;2478;2477;2476;2475;2474;2473;2472;2471;2470;2469
neg_train	tt0120793	6870;6869;6868;6867
neg_train	tt0312528	9472;9471;9470;9469;9468;9467;9466;9465;9464;9463;9462;9461;9460;9459;9458;9457;9456;9455;9454;9453;9452;9451;9450;9449;9448;9447;9446;9445;9444
neg_train	tt0134154	1293;1292;1291;1290;1289;1288;1287
neg_train	tt0433442	6421;6420;6419;6418;6417;6416;6415;6414;6413;6412;6411;6410;6409
neg_train	tt0101625	3413;3412
neg_train	tt0116136	7099;7098;7097;7096
neg_train	tt0118998	4875;4874;4873;4872;4871;4870;4869;4868;4867;4866;4865;4864;4863
neg_train	tt0089880	12213;12212;12211;12210;12209;12208;12207;12206;12205;12204;12203;12202;12201;12200;12199
neg_train	tt0093565	455;454;453;452;451
neg_train	tt0164810	12317
neg_train	tt0200465	7341
neg_train	tt0430912	561;560;559;558;557;556;555;554
neg_train	tt0083131	4049;4048;4047
neg_train	tt0429591	4733;4732
neg_train	tt0229694	4823;4822
neg_train	tt0139362	11116;11115;11114
neg_train	tt0265029	10788;10787;10786;10785;10784;10783;10782;10781;10780;10779;10778;10777;10776;10775
neg_train	tt0404802	2291;2290;2289;2288;2287;2286
neg_train	tt0106582	3526;3525;3524;3523;3522;3521;3520;3519;3518;3517
neg_train	tt0113501	359;358;357;356;355;354;353;352;351;350;349;348
neg_train	tt0286499	875
neg_train	tt0145531	6439;6438;6437;6436;6435;6434
neg_train	tt0088330	4501;4500;4499
neg_train	tt0114129	3679
neg_train	tt0328107	2428;2427;2426;2425
neg_train	tt0814314	2122;2121;2120;2119;2118
neg_train	tt0119107	6428;6427;6426;6425
neg_train	tt0109067	6681;6680
neg_train	tt0117894	11703;11702;11701;11700;11699;11698;11697;11696;11695;11694;11693;11692;11691
neg_train	tt0455612	7702;7701;7700;7699
neg_train	tt0119906	3939;3938;3937;3936;3935;3934
neg_train	tt0116277	6076;6075;6074;6073;6072;6071;6070;6069
neg_train	tt0090567	3546;3545
neg_train	tt0110099	2513;2512;2511
neg_train	tt0265459	4687;4686
neg_train	tt0119210	7454;7453;7452;7451;7450
neg_train	tt0462346	2746;2745;2744;2743
neg_train	tt0218619	8075;8074;8073;8072;8071;8070;8069;8068;8067;8066;8065;8064;8063;8062;8061;8060;8059;8058;8057;8056
neg_train	tt0462023	9856
neg_train	tt0115644	5571;5570;5569
neg_train	tt0115907	433;432;431;430;429;428;427
neg_train	tt0093894	1587;1586;1585;1584;1583;1582
neg_train	tt0123385	492;491;490;489;488;487;486;485;484;483;482
neg_train	tt0083739	12381
neg_train	tt0106941	10244
neg_train	tt0083941	8553;8552;8551;8550
neg_train	tt0119784	5402;5401;5400
neg_train	tt0213790	1552;1551;1550;1549;1548;1547;1546;1545;1544;1543;1542
neg_train	tt0093223	3246;3245;3244;3243;3242;3241
neg_train	tt0108171	2435;2434;2433;2432
neg_train	tt0116269	5207;5206
neg_train	tt0443489	8419;8418;8417;8416;8415;8414;8413;8412;8411;8410;8409
neg_train	tt0175880	10838;10837;10836;10835;10834;10833;10832;10831;10830;10829;10828;10827;10826
neg_train	tt0326856	1842;1841;1840;1839;1838;1837;1836;1835;1834;1833;1832;1831;1830;1829;1828;1827;1826;1825;1824;1823;1822
neg_train	tt0808331	11619;11618;11617;11616;11615
neg_train	tt0042332	895
neg_train	tt0099422	3775;3774;3773;3772;3771;3770
neg_train	tt0122906	8584;8583;8582;8581
neg_train	tt0087755	2430
neg_train	tt0332047	977;976
neg_train	tt0114287	1286;1285;1284;1283
neg_train	tt0091024	1660
neg_train	tt0457513	3808;3807;3806;3805;3804
neg_train	tt0800080	11769;11768;11767
neg_train	tt0100201	2323
neg_train	tt0105699	4272;4271;4270;4269
neg_train	tt0121766	8593;8592;8591;8590;8589;8588;8587;8586
neg_train	tt0259711	2275;2274
neg_train	tt0116913	12456
neg_train	tt0332452	12047;12046;12045;12044;12043;12042;12041;12040
neg_train	tt0274711	11184;11183;11182;11181;11180;11179;11178;11177;11176;11175;11174;11173
neg_train	tt0114388	6811
neg_train	tt0200071	10952;10951;10950;10949;10948;10947
neg_train	tt0090060	11425;11424;11423;11422;11421;11420;11419;11418;11417
pos_train	tt0242998	354;353;352;351;350;349;348;347;346;345;344;343;342;341;340
pos_train	tt0323298	4009;4008;4007;4006;4005;4004;4003;4002;4001;4000;3999;3998;3997;3996;3995;3994;3993;3992;3991;3990;3989;3988;3987;3986;3985;3984
pos_train	tt0455538	9741;9740;9739;9738;9737;9736;9735;9734;9733;9732;9731;9730;9729;9728;9727;9726;9725;9724;9723;9722;9721;9720;9719;9718;9717;9716
pos_train	tt0088915	10673;10672;10671;10670;10669;10668;10667;10666;10665;10664
pos_train	tt0091159	8503;8502;8501;8500;8499;8498;8497;8496;8495;8494;8493;8492;8491;8490;8489;8488;8487;8486;8485
pos_train	tt0132477	9054;9053;9052;9051;9050;9049;9048;9047;9046;9045;9044;9043;9042;9041;9040;9039;9038;9037;9036;9035;9034;9033;9032;9031;9030;9029;9028;9027;9026;9025
pos_train	tt0393597	1432;1431;1430;1429;1428;1427;1426;1425;1424;1423;1422;1421;1420;1419;1418;1417;1416;1415;1414;1413;1412;1411;1410
pos_train	tt0092656	11225;11224;11223;11222;11221
pos_train	tt0211492	490;489;488;487;486;485;484;483;482;481;480;479;478;477;476;475;474;473;472;471;470;469;468;467;466;465;464;463;462
pos_train	tt0174336	5579;5578;5577;5576;5575;5574;5573;5572;5571;5570
pos_train	tt0386741	6628;6627;6626;6625;6624;6623;6622;6621;6620;6619;6618;6617;6616;6615;6614;6613;6612;6611;6610;6609;6608;6607;6606;6605;6604;6603;6602;6601;6600
pos_train	tt0097211	3249;3248;3247;3246;3245;3244;3243;3242;3241;3240;3239
pos_train	tt0114746	7099;7098;7097;7096;7095;7094;7093;7092;7091;7090;7089;7088;7087;7086;7085;7084;7083;7082;7081;7080;7079;7078;7077;7076;7075;7074;7073;7072;7071;7070
pos_train	tt0401711	3696;3695;3694;3693;3692;3691;3690;3689;3688;3687;3686;3685;3684;3683;3682;3681;3680;3679;3678;3677;3676;3675;3674;3673
pos_train	tt0389326	6736;6735;6734;6733;6732;6731;6730;6729;6728;6727;6726;6725;6724;6723;6722;6721;6720;6719;6718;6717
pos_train	tt0429177	4357;4356;4355;4354;4353;4352;4351;4350;4349;4348;4347;4346;4345;4344;4343;4342;4341;4340;4339;4338;4337;4336;4335;4334;4333;4332
pos_train	tt0166896	4800;4799;4798;4797;4796;4795;4794;4793;4792;4791;4790;4789;4788;4787;4786;4785;4784;4783;4782;4781;4780;4779;4778;4777;4776;4775;4774;4773;4772;4771
pos_train	tt0457572	8259;8258;8257;8256;8255;8254;8253;8252;8251;8250;8249;8248;8247;8246;8245;8244;8243;8242;8241;8240;8239;8238;8237;8236;8235;8234;8233
pos_train	tt0166813	11852;11851;11850;11849;11848;11847;11846;11845;11844;11843;11842;11841;11840;11839;11838;11837;11836;11835;11834;11833;11832;11831
pos_train	tt0105631	461
pos_train	tt0271259	6324;6323;6322;6321;6320;6319;6318;6317;6316;6315;6314;6313;6312;6311;6310;6309;6308;6307;6306;6305;6304;6303;6302;6301;6300;6299;6298
pos_train	tt0168786	1876;1875;1874;1873;1872;1871;1870;1869;1868;1867;1866;1865;1864;1863;1862;1861;1860;1859;1858;1857;1856;1855;1854;1853;1852;1851;1850;1849;1848;1847
pos_train	tt0486655	636;635;634;633;632;631;630;629;628;627;626;625;624;623;622;621;620;619;618;617;616;615;614;613;612;611;610;609;608;607
pos_train	tt0095088	11740;11739;11738;11737;11736;11735;11734;11733;11732;11731;11730;11729;11728;11727;11726;11725;11724;11723;11722;11721;11720;11719;11718;11717;11716;11715
pos_train	tt0119196	3713;3712;3711;3710;3709;3708;3707;3706;3705
pos_train	tt0264689	71;70;69;68;67;66;65;64;63;62;61;60;59;58;57;56;55;54;53;52;51;50;49;48;47;46;45;44;43;42
pos_train	tt0292501	4684;4683;4682;4681;4680;4679
pos_train	tt0203019	6422;6421;6420;6419;6418;6417;6416;6415;6414;6413;6412;6411;6410;6409;6408;6407;6406;6405;6404;6403;6402;6401;6400;6399;6398;6397;6396;6395;6394
pos_train	tt0307385	11460;11459;11458;11457;11456;11455;11454;11453;11452;11451;11450;11449;11448;11447;11446;11445;11444;11443;11442;11441;11440
pos_train	tt0101969	4322;4321;4320;4319;4318;4317;4316;4315;4314;4313;4312;4311;4310;4309;4308;4307;4306;4305;4304;4303;4302;4301;4300;4299;4298;4297;4296
pos_train	tt0112471	10455;10454;10453;10452;10451;10450;10449;10448;10447;10446;10445;10444;10443;10442;10441;10440;10439;10438;10437;10436;10435;10434;10433;10432;10431;10430;10429;10428;10427;10426
pos_train	tt0265662	3647;3646;3645;3644;3643;3642;3641;3640;3639;3638;3637;3636;3635;3634;3633;3632;3631;3630;3629;3628;3627;3626;3625;3624;3623;3622;3621;3620;3619
pos_train	tt0086946	769;768;767;766;765;764;763;762;761;760;759
pos_train	tt0765447	1798;1797;1796;1795;1794;1793;1792;1791;1790;1789;1788;1787;1786;1785;1784;1783;1782
pos_train	tt0090799	1221;1220;1219;1218;1217;1216;1215;1214;1213;1212;1211;1210;1209;1208;1207;1206
pos_train	tt0114057	6082;6081;6080;6079;6078;6077;6076;6075;6074;6073;6072;6071;6070
pos_train	tt0391198	5728;5727;5726;5725;5724;5723;5722;5721;5720;5719;5718;5717;5716;5715;5714
pos_train	tt0101635	7271;7270;7269;7268;7267;7266;7265;7264;7263;7262;7261;7260;7259
pos_train	tt0847897	9990;9989;9988;9987;9986;9985;9984;9983;9982;9981
pos_train	tt0113305	8883;8882;8881;8880;8879;8878;8877;8876;8875;8874;8873;8872;8871;8870;8869;8868
pos_train	tt0088939	385;384;383;382;381;380;379;378;377;376;375;374;373;372;371;370;369;368;367;366;365;364;363;362;361;360;359;358
pos_train	tt0292963	8865;8864;8863;8862;8861;8860;8859;8858;8857;8856;8855;8854;8853;8852;8851;8850;8849;8848;8847;8846;8845;8844;8843;8842;8841;8840;8839;8838
pos_train	tt0091129	1248;1247;1246;1245;1244;1243;1242;1241;1240;1239;1238;1237;1236;1235;1234;1233;1232;1231
pos_train	tt0421239	11640;11639;11638;11637;11636;11635;11634;11633;11632;11631;11630;11629;11628;11627;11626;11625;11624;11623;11622;11621;11620;11619;11618;11617
pos_train	tt0126604	5313;5312;5311;5310;5309;5308;5307;5306;5305;5304;5303;5302;5301;5300;5299;5298;5297;5296;5295;5294;5293;5292;5291;5290;5289
pos_train	tt0448075	10019;10018;10017;10016;10015;10014;10013;10012;10011;10010;10009;10008;10007;10006;10005;10004
pos_train	tt0120157	3231;3230;3229;3228;3227;3226;3225;3224;3223;3222;3221;3220;3219;3218;3217;3216;3215;3214;3213;3212;3211;3210;3209;3208;3207;3206;3205;3204;3203;3202
pos_train	tt0164052	1409;1408;1407;1406;1405;1404;1403;1402;1401
pos_train	tt0335563	5702;5701;5700;5699;5698;5697;5696;5695;5694;5693;5692;5691;5690;5689;5688;5687;5686;5685;5684;5683;5682;5681
pos_train	tt0188453	10709;10708;10707;10706;10705;10704;10703;10702;10701;10700;10699;10698;10697;10696;10695;10694;10693;10692;10691;10690;10689;10688;10687;10686
pos_train	tt0440963	3126;3125;3124;3123;3122;3121;3120;3119;3118;3117;3116;3115;3114;3113;3112;3111;3110;3109;3108;3107;3106;3105;3104;3103;3102;3101;3100
pos_train	tt0252028	10899;10898;10897;10896;10895;10894;10893;10892;10891;10890;10889;10888
pos_train	tt0101452	3785;3784;3783;3782;3781;3780;3779;3778;3777;3776;3775;3774;3773;3772;3771;3770;3769;3768;3767;3766;3765;3764;3763;3762;3761;3760;3759;3758;3757
pos_train	tt0377818	10388;10387;10386;10385
pos_train	tt0211938	1001;1000;999;998;997;996;995;994;993;992;991;990;989;988;987;986;985;984;983
pos_train	tt0086250	11881;11880;11879;11878;11877;11876;11875;11874;11873;11872;11871;11870;11869;11868;11867;11866;11865;11864;11863;11862;11861;11860;11859;11858;11857;11856
pos_train	tt0087507	4717;4716;4715;4714;4713;4712;4711;4710;4709;4708;4707;4706;4705;4704;4703;4702;4701;4700;4699;4698;4697;4696;4695;4694;4693;4692;4691
pos_train	tt0097937	4574;4573;4572;4571;4570;4569;4568;4567;4566;4565;4564;4563;4562;4561;4560;4559;4558;4557;4556;4555;4554;4553;4552;4551;4550;4549;4548;4547
pos_train	tt0132347	6692;6691;6690;6689;6688;6687;6686;6685;6684;6683;6682;6681;6680;6679;6678;6677;6676;6675;6674;6673;6672;6671;6670;6669;6668;6667;6666;6665;6664
pos_train	tt0116928	9220;9219;9218;9217;9216
pos_train	tt0095654	6915;6914;6913;6912;6911;6910;6909;6908;6907;6906;6905;6904;6903;6902;6901
pos_train	tt0213446	238;237;236;235;234;233;232;231
pos_train	tt0116191	10530;10529;10528;10527;10526;10525;10524;10523;10522;10521;10520;10519;10518;10517;10516;10515;10514;10513;10512;10511;10510;10509
pos_train	tt0480242	9475;9474;9473;9472;9471;9470;9469;9468;9467;9466;9465;9464;9463;9462;9461;9460;9459;9458;9457
pos_train	tt0109287	1292;1291;1290;1289;1288
pos_train	tt0107131	7973;7972;7971;7970;7969;7968;7967;7966;7965;7964;7963;7962;7961;7960;7959;7958;7957;7956;7955;7954;7953;7952;7951;7950;7949;7948;7947;7946;7945;7944
pos_train	tt0405422	1770;1769;1768;1767;1766;1765;1764;1763;1762;1761;1760;1759;1758;1757;1756;1755;1754;1753;1752;1751;1750;1749;1748;1747
pos_train	tt0090713	11764;11763;11762;11761;11760;11759;11758;11757;11756;11755;11754;11753;11752;11751;11750
pos_train	tt0183056	3871;3870;3869;3868;3867
pos_train	tt0245407	794;793;792;791;790;789;788;787;786;785;784;783;782;781;780
pos_train	tt0120861	9020;9019;9018;9017;9016;9015;9014;9013;9012;9011;9010;9009;9008;9007;9006;9005;9004;9003;9002
pos_train	tt0295289	12180;12179;12178;12177;12176;12175;12174;12173;12172;12171;12170;12169;12168
pos_train	tt0465624	6965;6964;6963;6962;6961;6960;6959;6958;6957;6956;6955;6954;6953;6952
pos_train	tt0490204	9368;9367;9366;9365;9364;9363;9362;9361;9360;9359;9358;9357;9356;9355;9354;9353;9352;9351;9350;9349;9348;9347;9346;9345;9344;9343;9342;9341;9340
pos_train	tt0101811	456;455;454;453;452;451;450;449;448;447;446;445;444;443;442;441;440;439;438;437;436;435;434;433;432;431;430;429;428;427
pos_train	tt0230011	6388;6387;6386;6385;6384;6383;6382;6381;6380;6379;6378;6377;6376;6375;6374;6373;6372;6371;6370;6369;6368;6367;6366;6365;6364
pos_train	tt0105316	2261;2260;2259;2258;2257
pos_train	tt0101917	7893;7892;7891;7890;7889;7888;7887;7886;7885;7884;7883
pos_train	tt0120848	6174;6173;6172;6171;6170;6169;6168;6167
pos_train	tt0097044	3271;3270;3269;3268;3267;3266;3265;3264;3263;3262;3261;3260;3259;3258;3257;3256;3255;3254;3253
pos_train	tt0444628	6210;6209;6208;6207;6206;6205;6204;6203;6202;6201;6200;6199;6198;6197;6196;6195;6194;6193;6192;6191;6190;6189
pos_train	tt0092804	7828;7827;7826;7825;7824;7823;7822;7821;7820;7819;7818;7817;7816;7815;7814;7813;7812;7811;7810;7809;7808;7807;7806;7805;7804;7803;7802;7801;7800
pos_train	tt0257044	9535;9534;9533;9532;9531;9530;9529;9528;9527;9526;9525;9524;9523;9522;9521;9520;9519;9518;9517;9516;9515;9514;9513;9512;9511;9510;9509
pos_train	tt0106834	7907;7906;7905;7904;7903;7902;7901;7900;7899;7898
pos_train	tt0100666	1709;1708;1707;1706;1705;1704;1703;1702;1701;1700;1699;1698;1697;1696;1695;1694;1693;1692;1691;1690;1689;1688;1687;1686;1685
pos_train	tt0098084	11191;11190;11189;11188;11187;11186;11185;11184;11183;11182;11181;11180;11179;11178;11177;11176;11175;11174;11173;11172;11171;11170;11169
pos_train	tt0096787	1827;1826;1825;1824;1823;1822;1821;1820;1819;1818;1817;1816;1815;1814;1813;1812;1811;1810;1809;1808;1807;1806;1805;1804;1803;1802;1801;1800;1799
pos_train	tt0086383	8222;8221;8220;8219;8218;8217;8216;8215;8214;8213;8212;8211;8210;8209;8208;8207;8206;8205;8204;8203;8202;8201;8200;8199;8198;8197;8196;8195;8194;8193
pos_train	tt0275067	8287;8286;8285;8284;8283;8282;8281;8280;8279;8278;8277;8276;8275;8274;8273;8272
pos_train	tt0499537	9287;9286;9285;9284;9283;9282;9281;9280;9279;9278;9277;9276;9275;9274;9273;9272;9271;9270;9269;9268;9267;9266;9265;9264;9263;9262;9261;9260;9259;9258
pos_train	tt0134154	4412;4411;4410;4409;4408;4407;4406;4405;4404;4403;4402;4401;4400;4399;4398;4397;4396;4395;4394;4393;4392;4391;4390
pos_train	tt0105265	591;590;589;588;587;586;585;584;583;582;581;580;579;578;577;576;575;574;573;572;571;570;569
pos_train	tt0211181	8574;8573;8572;8571;8570;8569;8568;8567;8566;8565
pos_train	tt0311289	7171;7170;7169;7168;7167;7166;7165;7164;7163;7162;7161;7160;7159;7158;7157;7156;7155;7154;7153;7152;7151;7150;7149;7148;7147;7146;7145;7144;7143;7142
pos_train	tt0195234	10497;10496;10495;10494;10493;10492;10491;10490;10489;10488;10487;10486;10485;10484;10483;10482;10481;10480;10479;10478;10477
pos_train	tt0101625	10772;10771;10770;10769;10768;10767
pos_train	tt0421054	9935;9934;9933;9932;9931;9930;9929;9928;9927;9926;9925;9924;9923
pos_train	tt0093565	1620;1619;1618;1617;1616;1615;1614;1613;1612;1611;1610;1609;1608;1607;1606;1605;1604;1603;1602;1601;1600;1599;1598;1597;1596
pos_train	tt0277941	256;255;254;253;252;251;250;249;248;247;246;245;244;243;242;241;240;239
pos_train	tt0170016	6361;6360;6359;6358;6357;6356;6355;6354;6353;6352;6351;6350;6349;6348;6347;6346;6345;6344;6343;6342;6341;6340;6339;6338
pos_train	tt0430912	1975;1974;1973;1972;1971;1970;1969;1968;1967;1966;1965;1964;1963;1962;1961;1960;1959;1958;1957;1956;1955;1954
pos_train	tt0102951	1160;1159;1158;1157;1156;1155;1154;1153;1152;1151;1150;1149;1148;1147;1146;1145;1144;1143;1142;1141;1140;1139;1138;1137;1136;1135;1134;1133;1132;1131
pos_train	tt0106582	11033;11032;11031;11030;11029;11028;11027;11026;11025;11024;11023;11022;11021;11020;11019;11018;11017;11016;11015;11014
pos_train	tt0404802	7528;7527;7526;7525;7524;7523;7522;7521;7520;7519;7518;7517;7516;7515;7514;7513;7512;7511;7510;7509;7508;7507;7506;7505
pos_train	tt0770810	9962;9961;9960;9959;9958;9957;9956;9955
pos_train	tt0286499	2806;2805;2804;2803;2802;2801;2800;2799;2798;2797;2796;2795;2794;2793;2792;2791;2790;2789;2788;2787;2786;2785;2784;2783;2782;2781;2780;2779;2778
pos_train	tt0113501	1271;1270;1269;1268;1267;1266;1265;1264;1263;1262;1261;1260;1259;1258;1257;1256;1255;1254
pos_train	tt0114129	11612;11611;11610;11609;11608;11607;11606
pos_train	tt0814314	7020;7019;7018;7017;7016;7015;7014;7013;7012;7011;7010;7009;7008;7007;7006;7005;7004;7003;7002;7001;7000;6999;6998;6997;6996
pos_train	tt0328107	8001;8000;7999;7998;7997;7996;7995;7994;7993;7992;7991;7990;7989;7988;7987;7986;7985;7984;7983;7982;7981;7980;7979;7978;7977;7976
pos_train	tt0119906	12431;12430;12429;12428;12427;12426;12425;12424;12423;12422;12421
pos_train	tt0120623	8742;8741;8740;8739;8738;8737;8736;8735;8734;8733;8732;8731;8730;8729;8728;8727;8726;8725;8724;8723;8722;8721;8720;8719;8718;8717;8716;8715;8714;8713
pos_train	tt0100680	21;20;19;18;17;16;15;14;13;12;11;10;9;8;7;6;5
pos_train	tt0120620	8768;8767;8766;8765;8764;8763;8762;8761;8760;8759;8758;8757;8756;8755;8754;8753;8752;8751;8750;8749;8748;8747;8746;8745;8744;8743
pos_train	tt0090567	11097;11096;11095;11094;11093;11092;11091;11090;11089;11088
pos_train	tt0110099	8347;8346;8345;8344;8343;8342;8341;8340;8339;8338;8337;8336;8335;8334;8333;8332;8331;8330;8329;8328;8327;8326;8325;8324;8323;8322;8321
pos_train	tt0125454	9700;9699;9698;9697;9696;9695;9694;9693;9692;9691;9690;9689;9688;9687;9686;9685;9684;9683;9682;9681;9680;9679;9678;9677;9676;9675;9674;9673;9672;9671
pos_train	tt0462346	9073;9072;9071;9070;9069;9068;9067;9066;9065;9064;9063;9062;9061;9060;9059;9058;9057;9056;9055
pos_train	tt0365686	11081;11080;11079;11078;11077;11076;11075;11074;11073;11072;11071;11070;11069;11068;11067
pos_train	tt0091993	10733;10732;10731;10730;10729;10728;10727;10726;10725;10724;10723;10722;10721;10720;10719;10718
pos_train	tt0264616	5049;5048;5047;5046;5045;5044;5043;5042;5041;5040;5039;5038;5037;5036;5035;5034;5033;5032;5031;5030;5029;5028;5027;5026;5025;5024;5023;5022;5021;5020
pos_train	tt0388888	8996;8995;8994;8993;8992;8991;8990;8989;8988;8987;8986;8985;8984;8983;8982;8981;8980;8979
pos_train	tt0231775	11694;11693;11692;11691;11690;11689;11688;11687;11686;11685
pos_train	tt0316188	3510;3509;3508;3507;3506;3505;3504;3503;3502;3501;3500;3499;3498;3497;3496;3495;3494;3493
pos_train	tt0115907	1454;1453;1452;1451;1450;1449;1448;1447;1446;1445;1444;1443;1442;1441;1440;1439;1438;1437;1436;1435;1434;1433
pos_train	tt0123385	1669;1668;1667;1666;1665;1664;1663;1662;1661;1660;1659
pos_train	tt0086190	828;827;826;825;824;823;822;821;820;819;818;817;816;815;814;813;812;811;810;809;808;807;806;805;804;803;802;801;800
pos_train	tt0093894	5371;5370;5369;5368;5367;5366;5365;5364;5363;5362;5361;5360;5359;5358;5357;5356;5355;5354;5353;5352;5351;5350;5349;5348
pos_train	tt0443632	8600;8599;8598;8597;8596;8595;8594;8593;8592;8591;8590;8589;8588;8587;8586
pos_train	tt0149151	10853;10852;10851;10850;10849;10848;10847;10846;10845;10844;10843;10842;10841;10840;10839;10838;10837;10836;10835;10834;10833;10832;10831;10830;10829;10828;10827;10826;10825;10824
pos_train	tt0116477	2487;2486;2485;2484;2483;2482;2481;2480;2479;2478;2477;2476;2475;2474;2473;2472;2471;2470;2469;2468;2467;2466;2465;2464;2463;2462;2461;2460
pos_train	tt0213790	5262;5261;5260;5259;5258;5257;5256;5255;5254;5253;5252;5251;5250;5249;5248;5247;5246;5245;5244
pos_train	tt0093223	10285;10284;10283;10282;10281;10280;10279;10278;10277;10276;10275;10274;10273;10272;10271;10270;10269;10268;10267;10266;10265;10264;10263;10262
pos_train	tt0170691	3742;3741;3740;3739;3738;3737;3736;3735;3734;3733;3732;3731;3730;3729;3728;3727;3726;3725;3724;3723;3722;3721;3720;3719;3718
pos_train	tt0108171	8043;8042;8041;8040;8039;8038;8037;8036;8035;8034;8033;8032;8031;8030;8029;8028;8027
pos_train	tt0268380	9870;9869;9868;9867;9866;9865;9864;9863;9862;9861;9860;9859;9858;9857;9856;9855;9854;9853;9852;9851;9850;9849;9848;9847;9846;9845;9844;9843;9842;9841
pos_train	tt0326856	6093;6092;6091;6090;6089;6088;6087;6086;6085
pos_train	tt0042332	2897;2896;2895;2894;2893;2892;2891;2890;2889;2888;2887;2886;2885;2884;2883;2882;2881;2880;2879;2878;2877;2876;2875;2874;2873;2872;2871;2870;2869
pos_train	tt0099422	11830;11829;11828;11827;11826;11825;11824;11823;11822;11821;11820;11819;11818;11817;11816;11815;11814;11813;11812;11811;11810;11809;11808;11807
pos_train	tt0120338	10048;10047;10046;10045;10044;10043;10042;10041;10040;10039;10038;10037;10036;10035;10034;10033;10032;10031;10030;10029;10028;10027
pos_train	tt0479500	6558;6557;6556;6555;6554;6553;6552;6551;6550;6549;6548;6547;6546;6545;6544;6543;6542;6541;6540;6539;6538;6537;6536;6535;6534;6533;6532;6531;6530;6529
pos_train	tt0332047	3345;3344;3343;3342;3341;3340;3339;3338;3337;3336;3335;3334;3333;3332;3331;3330;3329;3328;3327;3326;3325;3324;3323;3322;3321;3320;3319;3318
pos_train	tt0114287	4389;4388;4387;4386;4385;4384;4383;4382;4381;4380;4379;4378;4377;4376;4375;4374;4373;4372;4371;4370;4369;4368;4367;4366;4365;4364
pos_train	tt0087755	8026;8025;8024;8023;8022;8021;8020;8019;8018;8017;8016;8015;8014;8013;8012;8011;8010
pos_train	tt0457513	11965;11964;11963;11962;11961;11960;11959;11958;11957;11956;11955;11954;11953;11952;11951;11950;11949;11948;11947;11946;11945;11944;11943;11942;11941
pos_train	tt0091024	5634;5633;5632;5631;5630;5629;5628;5627;5626;5625;5624;5623;5622
pos_train	tt0100201	7649;7648;7647;7646;7645;7644;7643;7642;7641;7640;7639;7638;7637;7636;7635;7634;7633;7632
pos_train	tt0259711	7486;7485;7484;7483;7482;7481;7480;7479;7478;7477;7476;7475;7474;7473;7472;7471;7470;7469;7468;7467;7466;7465;7464;7463;7462;7461;7460;7459
pos_train	tt0087957	9148;9147;9146;9145;9144;9143;9142;9141;9140;9139;9138;9137;9136;9135;9134;9133;9132;9131;9130;9129;9128;9127;9126;9125;9124;9123;9122;9121
pos_train	tt0114095	1373;1372;1371;1370;1369;1368;1367;1366;1365;1364;1363;1362;1361;1360;1359
neg_test	tt0180679	11555;11554;11553;11552;11551;11550
neg_test	tt0120687	12091;12090;12089;12088;12087;12086;12085;12084;12083;12082
neg_test	tt0116209	1585;1584;1583
neg_test	tt0407121	5828;5827;5826
neg_test	tt0425430	8539;8538;8537;8536;8535;8534;8533;8532;8531;8530;8529;8528;8527;8526;8525;8524;8523;8522
neg_test	tt0476964	8321;8320;8319;8318;8317;8316
neg_test	tt0110892	9271
neg_test	tt0082404	2025
neg_test	tt0161216	7704;7703;7702;7701;7700
neg_test	tt0345061	4170;4169;4168;4167;4166;4165;4164;4163;4162;4161;4160;4159;4158;4157;4156;4155
neg_test	tt0453494	1276;1275;1274
neg_test	tt0110604	77
neg_test	tt0119457	5615;5614
neg_test	tt0156934	2663;2662;2661;2660;2659;2658;2657;2656;2655;2654;2653;2652;2651;2650;2649;2648
neg_test	tt0119313	4248;4247;4246
neg_test	tt0083366	7842
neg_test	tt0100114	9034;9033;9032
neg_test	tt0140379	6858
neg_test	tt0187712	7503
neg_test	tt0234137	5264;5263
neg_test	tt0286516	7641;7640;7639;7638;7637;7636
neg_test	tt0318081	4117;4116;4115;4114;4113;4112;4111;4110;4109;4108;4107;4106;4105;4104;4103;4102;4101;4100;4099
neg_test	tt0414387	9709;9708;9707;9706;9705;9704;9703;9702;9701;9700
neg_test	tt0256408	12222;12221;12220;12219
neg_test	tt0089530	11673;11672;11671;11670;11669;11668;11667
neg_test	tt0454945	2539
neg_test	tt0101393	8597;8596;8595;8594;8593;8592
neg_test	tt0235412	11379;11378;11377;11376;11375;11374;11373
neg_test	tt0113627	10011;10010;10009
neg_test	tt0952640	9165;9164;9163;9162;9161;9160;9159
neg_test	tt0113965	7635;7634;7633;7632;7631;7630;7629;7628;7627;7626
neg_test	tt0116322	1936;1935
neg_test	tt0210299	6786;6785;6784;6783;6782
neg_test	tt0406816	5;4;3;2;1;0
neg_test	tt0116823	7437;7436;7435;7434;7433
neg_test	tt0094321	2713;2712;2711;2710;2709;2708;2707;2706
neg_test	tt0372334	6164;6163;6162
neg_test	tt0089003	1015;1014;1013;1012;1011;1010;1009;1008;1007;1006
neg_test	tt0154506	255
neg_test	tt0100135	5332;5331;5330;5329;5328;5327;5326
neg_test	tt0119336	12203;12202;12201;12200;12199;12198;12197
neg_test	tt0120576	4515;4514
neg_test	tt0082507	651;650;649;648;647;646
neg_test	tt0233687	3477;3476
neg_test	tt0109450	11289;11288;11287;11286;11285
neg_test	tt0113028	7166
neg_test	tt0117107	8649;8648;8647;8646;8645;8644;8643
neg_test	tt0113957	2204;2203;2202;2201;2200;2199;2198;2197;2196;2195;2194
neg_test	tt0232083	6129;6128;6127;6126;6125;6124;6123;6122;6121
neg_test	tt0110657	559;558;557;556;555;554;553;552;551;550
neg_test	tt0104040	10907;10906
neg_test	tt0109206	2750;2749
neg_test	tt0956038	885;884;883;882;881;880;879;878;877;876;875;874;873;872;871;870
neg_test	tt0385056	10418;10417;10416;10415;10414;10413
neg_test	tt0195778	1929;1928;1927;1926;1925;1924;1923;1922;1921;1920;1919;1918;1917;1916;1915;1914;1913;1912;1911;1910;1909;1908
neg_test	tt0441796	3957;3956;3955;3954;3953;3952;3951;3950;3949;3948;3947;3946;3945;3944;3943;3942;3941;3940;3939;3938
neg_test	tt0109484	4636;4635
neg_test	tt0425061	4530;4529;4528;4527;4526;4525;4524;4523;4522
neg_test	tt0273517	7362;7361;7360;7359;7358;7357;7356;7355;7354
neg_test	tt0159272	9573;9572;9571;9570
neg_test	tt0328589	9401;9400;9399;9398;9397;9396;9395;9394;9393
neg_test	tt0114594	6460;6459;6458;6457;6456;6455;6454;6453;6452
neg_test	tt0212985	11301;11300;11299;11298;11297;11296;11295;11294;11293;11292
neg_test	tt0472062	2404;2403;2402;2401;2400;2399;2398;2397
neg_test	tt0083326	7557
neg_test	tt0098383	1899;1898;1897
neg_test	tt0140796	4059;4058
neg_test	tt0098382	6578;6577;6576;6575;6574;6573;6572;6571;6570;6569;6568;6567;6566;6565;6564;6563;6562;6561;6560;6559;6558;6557
neg_test	tt0113870	6079
neg_test	tt0455957	8884;8883;8882;8881;8880;8879;8878;8877;8876
neg_test	tt0238546	3325;3324;3323;3322;3321;3320;3319;3318;3317
neg_test	tt0109504	9895
neg_test	tt0120317	6477;6476;6475;6474;6473;6472;6471;6470;6469;6468;6467;6466
neg_test	tt0162023	10992;10991;10990;10989;10988;10987;10986
neg_test	tt0218839	2554;2553
neg_test	tt0089160	226;225
neg_test	tt0091680	3228;3227;3226
neg_test	tt0391229	923;922;921;920;919
neg_test	tt0119305	3172;3171;3170;3169;3168;3167
neg_test	tt0249893	10570;10569;10568
neg_test	tt0242423	4706;4705;4704
neg_test	tt0246765	2303;2302
neg_test	tt0842929	8400;8399;8398;8397;8396;8395;8394;8393;8392;8391;8390
neg_test	tt0120323	1933;1932;1931;1930
neg_test	tt0397103	10659;10658;10657;10656;10655;10654;10653;10652
neg_test	tt0094142	2373;2372
neg_test	tt0091983	9211;9210;9209;9208;9207
neg_test	tt0114194	11193
neg_test	tt0119572	2084
neg_test	tt0098093	1052;1051
neg_test	tt0375679	3510;3509;3508;3507;3506;3505;3504;3503;3502;3501;3500;3499;3498;3497;3496;3495;3494;3493;3492;3491
neg_test	tt0086006	2290;2289;2288;2287;2286;2285;2284
neg_test	tt0317640	5883;5882;5881;5880;5879
neg_test	tt0168449	11482;11481;11480
neg_test	tt0105211	2647;2646;2645;2644
neg_test	tt0879843	9653;9652;9651;9650
neg_test	tt0402910	5082;5081;5080;5079;5078;5077;5076;5075;5074
neg_test	tt0102719	12021;12020;12019;12018;12017;12016;12015;12014;12013;12012;12011;12010;12009;12008
neg_test	tt0099512	1273;1272
neg_test	tt0134119	9303;9302
neg_test	tt0127288	10617;10616
neg_test	tt0317740	1082;1081;1080;1079;1078;1077;1076
neg_test	tt0102517	5013;5012;5011
neg_test	tt0170452	4333;4332;4331
neg_test	tt0118158	9527;9526
neg_test	tt0104389	4001
neg_test	tt0084296	9794
neg_test	tt0120757	10613;10612;10611;10610;10609;10608;10607;10606;10605;10604;10603;10602;10601;10600;10599;10598;10597;10596;10595;10594;10593;10592;10591;10590;10589;10588;10587;10586
neg_test	tt0160644	4579;4578;4577;4576;4575;4574
neg_test	tt0104926	535
neg_test	tt0119395	6841;6840;6839;6838;6837;6836;6835;6834;6833;6832;6831;6830;6829;6828;6827;6826
neg_test	tt0449086	9329;9328;9327;9326;9325;9324;9323;9322;9321;9320;9319;9318;9317
neg_test	tt0120490	7562;7561;7560;7559;7558
neg_test	tt0117688	9424;9423;9422;9421;9420;9419;9418;9417;9416;9415;9414
neg_test	tt0117011	7841;7840;7839;7838;7837;7836;7835;7834
neg_test	tt0462590	9756;9755;9754;9753;9752;9751;9750
neg_test	tt0271367	12365;12364;12363;12362
neg_test	tt0089489	1771;1770;1769;1768;1767
neg_test	tt0118966	6659;6658;6657;6656;6655;6654;6653;6652;6651;6650;6649
neg_test	tt0134273	7699
neg_test	tt0091635	5713;5712;5711;5710;5709;5708
neg_test	tt0118829	11635
neg_test	tt0084171	897
neg_test	tt0456554	5809;5808;5807;5806;5805;5804;5803;5802;5801;5800;5799;5798;5797;5796
neg_test	tt0311429	9378;9377
neg_test	tt0080716	2967;2966;2965;2964;2963
neg_test	tt0240200	7960;7959;7958;7957;7956;7955
neg_test	tt0165773	8269;8268;8267
neg_test	tt0120461	8351;8350;8349;8348;8347;8346;8345;8344;8343;8342;8341;8340;8339;8338;8337;8336
neg_test	tt0097481	5916;5915;5914;5913;5912;5911;5910;5909;5908
neg_test	tt0162661	5503;5502;5501;5500;5499;5498
neg_test	tt0090110	9590
neg_test	tt0120776	1884;1883;1882;1881;1880
neg_test	tt0153464	12140;12139;12138;12137;12136;12135
neg_test	tt0114576	4341;4340;4339;4338;4337
neg_test	tt0100260	2728;2727
neg_test	tt0342275	1487
neg_test	tt0118836	6642;6641;6640;6639;6638;6637;6636;6635;6634;6633;6632;6631;6630;6629;6628;6627;6626;6625;6624;6623;6622;6621;6620;6619;6618
neg_test	tt0365830	2464;2463;2462
neg_test	tt0120765	949;948;947
neg_test	tt0301976	1362;1361;1360;1359;1358
neg_test	tt0796375	9301;9300;9299;9298;9297;9296
neg_test	tt0117768	9749;9748;9747;9746;9745;9744;9743;9742;9741;9740;9739
neg_test	tt0099005	7585;7584;7583;7582;7581
neg_test	tt0097987	10215;10214;10213;10212;10211;10210;10209;10208;10207;10206;10205;10204;10203;10202;10201
neg_test	tt0120370	8980
neg_test	tt0262911	9534;9533;9532;9531;9530;9529
neg_test	tt0107665	5236;5235;5234;5233;5232;5231;5230;5229;5228;5227;5226
neg_test	tt0122515	11430;11429;11428;11427;11426;11425
neg_test	tt0087222	9085;9084;9083;9082;9081;9080;9079;9078;9077
neg_test	tt0277371	5559;5558;5557
neg_test	tt0134948	9556
neg_test	tt0246578	3721
neg_test	tt0188674	2361;2360;2359;2358;2357
neg_test	tt0085380	7034
neg_test	tt0387564	8818;8817;8816;8815;8814;8813;8812;8811;8810;8809;8808
neg_test	tt0087365	3397;3396;3395;3394;3393
neg_test	tt0426592	10585;10584;10583;10582;10581;10580;10579;10578;10577;10576;10575;10574;10573;10572;10571
neg_test	tt0085382	10920;10919;10918;10917;10916;10915;10914;10913;10912;10911
neg_test	tt0379865	3468;3467;3466;3465;3464;3463;3462;3461;3460
neg_test	tt0270980	7824;7823;7822;7821;7820;7819;7818;7817;7816;7815;7814;7813;7812;7811;7810;7809;7808;7807;7806;7805
neg_test	tt0119360	2938;2937;2936;2935;2934;2933;2932
neg_test	tt0406038	5751;5750
neg_test	tt0087231	2960;2959
neg_test	tt0114694	1054;1053
neg_test	tt0086508	6344;6343;6342;6341;6340
neg_test	tt0120591	4674;4673;4672;4671;4670;4669;4668;4667;4666;4665;4664;4663;4662;4661;4660;4659;4658
neg_test	tt0107447	2396;2395
neg_test	tt0090774	1776
neg_test	tt0427312	7612;7611
neg_test	tt0342258	5086
neg_test	tt0475355	4902;4901;4900
neg_test	tt0283900	630;629;628;627
neg_test	tt0080771	10250;10249;10248;10247;10246;10245;10244;10243;10242;10241;10240
neg_test	tt0413099	4098;4097;4096;4095;4094;4093;4092;4091;4090;4089;4088;4087;4086;4085;4084;4083;4082;4081;4080;4079;4078;4077
neg_test	tt0446687	110;109;108
neg_test	tt0167190	9823;9822
neg_test	tt0108186	1651;1650;1649;1648;1647;1646;1645
neg_test	tt0202470	495;494;493;492;491;490
neg_test	tt0107413	6339;6338;6337;6336;6335
neg_test	tt0327036	9289;9288;9287;9286;9285;9284
neg_test	tt0420015	11415;11414
neg_test	tt0097027	6780;6779;6778
neg_test	tt0100232	5789;5788;5787;5786;5785;5784;5783;5782;5781
neg_test	tt0084234	2827;2826;2825;2824;2823
neg_test	tt0134033	1903;1902;1901
neg_test	tt0379889	2695;2694;2693;2692;2691;2690;2689
neg_test	tt0266971	6181;6180
neg_test	tt0083107	9089
neg_test	tt0090660	9061;9060;9059;9058
neg_test	tt0398712	7949;7948;7947;7946;7945;7944;7943;7942;7941;7940;7939;7938;7937;7936;7935;7934;7933
neg_test	tt0086525	464
neg_test	tt0119887	3861;3860;3859;3858;3857;3856;3855;3854;3853;3852;3851;3850;3849;3848;3847;3846;3845;3844;3843;3842;3841
neg_test	tt0091310	2279;2278;2277
neg_test	tt0097457	6313;6312;6311;6310;6309;6308;6307;6306
neg_test	tt0149691	74
neg_test	tt0338348	6586;6585;6584;6583;6582;6581;6580;6579
neg_test	tt0040367	10636
neg_test	tt0099582	2461;2460;2459;2458;2457;2456
neg_test	tt0087050	8117;8116;8115;8114;8113;8112;8111
neg_test	tt0432289	9174;9173;9172
neg_test	tt0251031	5864;5863;5862;5861;5860;5859;5858;5857;5856
neg_test	tt0171580	656;655;654;653;652
neg_test	tt0396688	12213;12212
neg_test	tt0119925	3455
neg_test	tt0119723	9808;9807;9806;9805;9804;9803;9802
neg_test	tt0349903	286;285;284;283;282;281;280;279;278;277;276;275;274;273;272;271;270;269;268;267;266;265
neg_test	tt0758774	5938;5937;5936
neg_test	tt0119718	11316;11315;11314;11313;11312;11311;11310;11309;11308;11307;11306;11305;11304;11303
neg_test	tt0120812	10125
neg_test	tt0328962	4697
neg_test	tt0808417	9381;9380;9379
neg_test	tt0093493	8118
neg_test	tt0118749	3037
neg_test	tt0094828	8845;8844
neg_test	tt0107206	1422;1421
neg_test	tt0108473	8637;8636;8635;8634;8633;8632;8631;8630;8629;8628;8627;8626;8625;8624;8623;8622;8621
neg_test	tt0119848	192;191;190
neg_test	tt0473692	8136;8135
neg_test	tt0349710	9198;9197;9196;9195;9194;9193;9192;9191;9190;9189;9188
neg_test	tt0468565	11659
neg_test	tt0265713	4678;4677;4676;4675
neg_test	tt0238112	847;846;845;844
neg_test	tt0114614	7108;7107;7106;7105;7104;7103;7102;7101
neg_test	tt0097336	2497;2496;2495;2494;2493;2492;2491;2490
neg_test	tt0369672	3774;3773;3772;3771;3770;3769
neg_test	tt0100502	7449;7448;7447;7446;7445;7444;7443;7442;7441;7440;7439;7438
neg_test	tt0475944	9733;9732;9731;9730;9729;9728;9727;9726;9725;9724;9723;9722;9721;9720;9719;9718;9717;9716
neg_test	tt0795421	6225;6224;6223;6222;6221;6220;6219;6218;6217;6216
neg_test	tt0087805	2905;2904;2903;2902;2901;2900;2899;2898;2897
neg_test	tt0419887	1050;1049;1048
neg_test	tt0250687	5852;5851;5850;5849
neg_test	tt0097125	4288;4287;4286;4285
neg_test	tt0430770	1356;1355;1354;1353;1352;1351;1350;1349;1348;1347;1346;1345;1344;1343;1342;1341;1340;1339;1338;1337
neg_test	tt0097123	4254;4253;4252
neg_test	tt0362129	3182;3181;3180
neg_test	tt0166252	578;577;576;575;574;573;572;571;570;569;568;567
neg_test	tt0804522	1268;1267;1266
neg_test	tt0492492	5020;5019;5018;5017;5016;5015;5014
neg_test	tt0084917	12049;12048;12047;12046;12045
neg_test	tt0171135	5676;5675
neg_test	tt0124102	1446;1445;1444;1443;1442;1441;1440;1439;1438;1437;1436;1435;1434;1433;1432;1431;1430;1429;1428
neg_test	tt0096094	6808;6807
neg_test	tt0099204	6874;6873;6872
neg_test	tt0310203	3775
neg_test	tt0428251	6883;6882;6881;6880;6879;6878;6877;6876;6875
neg_test	tt0113463	9828;9827;9826;9825;9824
neg_test	tt0231448	10095;10094;10093;10092;10091;10090;10089;10088
neg_test	tt0086034	9474;9473;9472
neg_test	tt0146675	11160;11159;11158;11157;11156;11155;11154;11153;11152;11151;11150;11149;11148;11147;11146;11145;11144
neg_test	tt0095107	7451;7450
neg_test	tt0819714	166;165;164;163;162;161;160;159
neg_test	tt0120907	485
neg_test	tt0483726	1419;1418;1417;1416;1415;1414;1413;1412;1411;1410;1409;1408
neg_test	tt0085461	6
neg_test	tt0433386	7142;7141;7140;7139;7138;7137;7136;7135;7134;7133;7132;7131;7130;7129;7128;7127;7126;7125;7124;7123;7122;7121;7120;7119;7118;7117
neg_test	tt0373024	1407;1406;1405;1404;1403;1402;1401
neg_test	tt0317052	9525;9524;9523;9522;9521;9520;9519;9518;9517;9516;9515;9514
neg_test	tt0333766	8226;8225;8224;8223;8222;8221;8220
neg_test	tt0273108	4154;4153;4152;4151;4150
neg_test	tt0165710	10620;10619
neg_test	tt0101516	9563;9562;9561;9560;9559;9558
neg_test	tt0107211	5848;5847;5846;5845;5844;5843;5842;5841;5840
neg_test	tt0120709	5495;5494;5493;5492;5491;5490;5489;5488
neg_test	tt0310778	2927;2926
neg_test	tt0118604	447;446;445;444;443;442;441;440;439;438;437;436;435;434;433;432;431;430;429;428;427
neg_test	tt0087100	11231;11230;11229;11228
neg_test	tt0099329	12132;12131;12130;12129;12128;12127
neg_test	tt0100405	11241;11240
neg_test	tt0114210	11921;11920;11919;11918
neg_test	tt0087451	9352;9351;9350;9349;9348;9347;9346;9345;9344
neg_test	tt0388980	2698
neg_test	tt0098213	11894;11893;11892;11891;11890
neg_test	tt0489281	9642;9641;9640;9639;9638;9637
neg_test	tt0088708	11216;11215;11214;11213;11212;11211;11210;11209;11208;11207
neg_test	tt0096219	2924;2923
neg_test	tt0462499	6433
neg_test	tt0245238	11813;11812;11811
neg_test	tt0120737	8509;8508
neg_test	tt0441909	12476;12475;12474;12473
neg_test	tt0328880	4284;4283;4282;4281;4280;4279
neg_test	tt0133046	5058;5057;5056;5055;5054;5053;5052;5051;5050;5049;5048
neg_test	tt0362165	8497;8496;8495;8494;8493;8492;8491;8490;8489;8488;8487;8486;8485;8484;8483;8482;8481;8480;8479;8478;8477;8476;8475;8474
neg_test	tt0367085	7911;7910;7909;7908;7907;7906;7905;7904;7903;7902;7901;7900;7899;7898;7897;7896;7895;7894;7893;7892;7891
neg_test	tt0178642	3092;3091;3090;3089;3088;3087;3086
neg_test	tt0112499	10228;10227;10226;10225;10224;10223
neg_test	tt0277434	6185;6184
neg_test	tt0118523	3717;3716;3715
neg_test	tt0145681	9550;9549;9548;9547;9546;9545;9544;9543;9542
neg_test	tt0337579	11251;11250;11249;11248;11247
neg_test	tt0444672	5613;5612;5611;5610;5609;5608;5607
neg_test	tt0112495	1088;1087;1086;1085;1084
neg_test	tt0369053	1003;1002;1001;1000;999
neg_test	tt0343172	395;394;393
neg_test	tt0450340	6027;6026;6025
neg_test	tt0314871	6530;6529
neg_test	tt0120107	4874;4873;4872;4871;4870;4869;4868;4867;4866;4865;4864;4863;4862;4861;4860;4859
neg_test	tt0286179	9363
neg_test	tt0209958	698;697;696;695;694
neg_test	tt0350258	2281
neg_test	tt0376890	7650;7649;7648;7647;7646;7645;7644;7643
neg_test	tt0158371	12074;12073;12072;12071;12070
neg_test	tt0467110	4991;4990;4989;4988;4987;4986;4985;4984;4983;4982;4981;4980;4979;4978
neg_test	tt0493430	2607
neg_test	tt0159365	1766;1765;1764;1763;1762;1761;1760;1759;1758;1757;1756;1755;1754;1753
neg_test	tt0092654	4820;4819;4818
neg_test	tt0120611	59;58
neg_test	tt0238588	1619
neg_test	tt0146838	8590;8589;8588;8587;8586;8585;8584
neg_test	tt0401815	7076;7075;7074;7073
neg_test	tt0790804	12246;12245;12244;12243;12242;12241;12240;12239;12238;12237;12236;12235;12234;12233;12232;12231;12230;12229;12228;12227;12226;12225
neg_test	tt0436689	6543;6542;6541;6540;6539;6538;6537;6536;6535;6534;6533;6532;6531
neg_test	tt0104691	9057
neg_test	tt0440803	7580;7579;7578;7577;7576;7575
neg_test	tt0116289	3736;3735;3734;3733;3732;3731;3730;3729;3728;3727;3726;3725;3724;3723;3722
neg_test	tt0151738	2037;2036
neg_test	tt0164221	2442;2441;2440;2439;2438;2437;2436;2435
neg_test	tt0105636	10002;10001;10000
neg_test	tt0116488	4531
neg_test	tt0101862	7323;7322
neg_test	tt0069089	1596;1595;1594;1593;1592;1591
neg_test	tt0091278	1212;1211;1210;1209;1208;1207;1206;1205;1204;1203;1202;1201;1200;1199
neg_test	tt0159382	4910;4909;4908;4907;4906;4905;4904
neg_test	tt0115509	7923;7922;7921;7920;7919;7918;7917;7916;7915;7914;7913
neg_test	tt0800039	6981;6980;6979;6978
neg_test	tt0455857	3049;3048;3047;3046;3045;3044;3043;3042;3041;3040;3039;3038
neg_test	tt0416044	12162;12161;12160;12159;12158;12157;12156;12155;12154;12153;12152;12151
neg_test	tt0181739	11132;11131;11130;11129;11128
neg_test	tt0283883	4852;4851;4850;4849;4848;4847
neg_test	tt0092272	4592;4591;4590;4589;4588;4587
neg_test	tt0437179	668;667;666;665;664;663;662;661;660;659;658;657
neg_test	tt0219374	863
neg_test	tt0107863	760;759;758;757;756
neg_test	tt0089603	264
neg_test	tt0374639	6018;6017;6016;6015
neg_test	tt0481369	6416;6415;6414;6413;6412;6411;6410;6409;6408;6407;6406;6405;6404;6403
neg_test	tt0091949	5966
neg_test	tt0316465	2722;2721;2720;2719
neg_test	tt0103783	7054;7053
neg_test	tt0124179	11617;11616;11615;11614;11613;11612;11611;11610;11609;11608
neg_test	tt0085549	5129;5128;5127;5126;5125;5124;5123;5122
neg_test	tt0377471	5316;5315;5314;5313;5312;5311;5310;5309;5308;5307;5306;5305;5304;5303;5302;5301;5300;5299;5298;5297;5296;5295;5294;5293
neg_test	tt0316356	4720
neg_test	tt0126810	10980;10979;10978;10977;10976;10975
neg_test	tt0116126	3597;3596;3595;3594;3593;3592;3591;3590
neg_test	tt0386588	2477;2476;2475;2474;2473;2472
neg_test	tt0304081	8266
neg_test	tt0094910	1670;1669
neg_test	tt0397044	9888;9887;9886;9885;9884;9883;9882;9881;9880;9879;9878;9877;9876
neg_test	tt0092890	1874;1873
neg_test	tt0095593	1456;1455;1454;1453;1452;1451
neg_test	tt0114272	7432;7431
neg_test	tt0093058	11089
neg_test	tt0094824	3270;3269;3268;3267;3266;3265;3264;3263;3262;3261;3260;3259;3258;3257;3256;3255;3254;3253;3252;3251
neg_test	tt0308644	11276
neg_test	tt0481141	11952;11951;11950;11949;11948;11947;11946;11945;11944;11943;11942;11941;11940;11939;11938
neg_test	tt0384793	946;945;944;943;942;941;940;939
neg_test	tt0172726	11227;11226;11225;11224;11223
neg_test	tt0388125	3986;3985
neg_test	tt0081613	722;721;720;719
neg_test	tt0113253	2683;2682;2681;2680;2679;2678;2677;2676;2675;2674;2673;2672;2671;2670;2669;2668;2667;2666
neg_test	tt0963794	4783;4782;4781;4780;4779;4778;4777;4776;4775;4774;4773;4772;4771;4770
neg_test	tt0318374	8579
neg_test	tt0417658	4604;4603;4602;4601;4600;4599;4598;4597
neg_test	tt0304678	2314;2313;2312;2311;2310
neg_test	tt0145937	9141;9140;9139;9138;9137;9136;9135;9134;9133;9132;9131;9130;9129;9128;9127
neg_test	tt0473753	5061;5060
neg_test	tt0369441	10730;10729;10728;10727;10726;10725;10724;10723;10722;10721;10720;10719;10718;10717;10716;10715
neg_test	tt0155267	9007;9006;9005
neg_test	tt0475984	9246;9245;9244;9243;9242;9241
neg_test	tt0397065	928;927;926;925
neg_test	tt0264935	1544;1543;1542;1541;1540;1539;1538;1537;1536;1535;1534;1533;1532
neg_test	tt0113670	6929;6928;6927;6926
neg_test	tt0323939	10560;10559;10558;10557
neg_test	tt0424024	5975;5974;5973;5972;5971;5970;5969;5968
neg_test	tt0141098	10843;10842;10841;10840;10839;10838
neg_test	tt0119215	9072;9071
neg_test	tt0203755	3196;3195;3194;3193;3192;3191;3190;3189;3188;3187;3186;3185;3184;3183
neg_test	tt0119217	8253;8252;8251;8250;8249;8248;8247;8246
neg_test	tt0379725	9996;9995;9994;9993
neg_test	tt0144142	3085;3084;3083;3082;3081;3080;3079;3078;3077
neg_test	tt0424908	6077;6076;6075;6074;6073;6072;6071;6070;6069;6068;6067;6066;6065
neg_test	tt0116367	12196;12195;12194;12193;12192;12191;12190;12189
neg_test	tt0105695	4977;4976
neg_test	tt0119229	12392;12391
neg_test	tt0109190	5317
neg_test	tt0115530	5002;5001
neg_test	tt0081633	6384;6383;6382;6381
neg_test	tt0112715	5449;5448;5447;5446;5445;5444;5443;5442;5441;5440;5439;5438;5437;5436;5435;5434;5433;5432;5431;5430;5429
neg_test	tt0091217	6698;6697;6696;6695
neg_test	tt0098554	3757;3756;3755
neg_test	tt0268695	7527;7526;7525;7524;7523;7522;7521;7520;7519;7518;7517;7516;7515
neg_test	tt0199725	3554;3553
neg_test	tt0390022	5893;5892;5891;5890;5889;5888
neg_test	tt0267804	4144;4143;4142
neg_test	tt0284490	977;976;975;974;973;972;971;970;969;968;967
neg_test	tt0246989	8096;8095;8094;8093;8092;8091;8090;8089;8088;8087;8086;8085;8084;8083
pos_test	tt0099582	9093;9092;9091;9090;9089;9088;9087;9086;9085;9084;9083;9082;9081;9080;9079;9078;9077;9076;9075;9074;9073;9072;9071;9070
pos_test	tt0086006	8529;8528;8527;8526;8525;8524;8523;8522;8521;8520;8519;8518;8517;8516;8515;8514;8513;8512;8511;8510;8509;8508;8507
pos_test	tt0350258	8499;8498;8497;8496;8495;8494;8493;8492;8491;8490;8489;8488;8487;8486;8485;8484;8483;8482;8481;8480;8479;8478;8477;8476;8475;8474;8473;8472;8471
pos_test	tt0209958	3032;3031;3030;3029;3028;3027;3026;3025;3024;3023;3022;3021;3020;3019;3018;3017;3016;3015;3014;3013;3012;3011;3010;3009;3008
pos_test	tt0105211	9815;9814;9813;9812;9811;9810;9809;9808;9807;9806;9805;9804;9803;9802;9801;9800;9799;9798;9797;9796;9795;9794;9793;9792;9791;9790
pos_test	tt0116209	6094;6093;6092;6091;6090;6089;6088;6087;6086;6085;6084;6083;6082;6081;6080;6079;6078;6077;6076;6075;6074;6073;6072;6071;6070;6069;6068
pos_test	tt0493430	9713;9712;9711;9710;9709;9708;9707;9706;9705;9704;9703;9702;9701;9700;9699;9698;9697;9696;9695;9694;9693;9692;9691;9690;9689;9688;9687;9686;9685
pos_test	tt0099512	5119;5118;5117;5116;5115;5114;5113;5112;5111;5110;5109
pos_test	tt0159365	6664;6663;6662;6661;6660;6659;6658;6657;6656;6655;6654;6653;6652;6651;6650;6649
pos_test	tt0120611	516;515;514;513;512;511;510;509;508;507;506;505;504;503;502;501;500;499;498;497;496;495;494;493;492;491;490;489
pos_test	tt0238588	6267;6266;6265;6264;6263;6262;6261;6260
pos_test	tt0171580	2861;2860;2859;2858;2857;2856;2855;2854;2853;2852;2851;2850;2849;2848;2847;2846;2845;2844;2843;2842;2841;2840;2839;2838;2837
pos_test	tt0404030	2276;2275;2274;2273;2272;2271;2270;2269;2268;2267;2266;2265;2264;2263;2262;2261;2260;2259;2258;2257;2256;2255;2254;2253;2252;2251;2250;2249;2248;2247
pos_test	tt0317740	4685;4684;4683;4682;4681;4680;4679;4678;4677;4676;4675;4674;4673;4672;4671;4670;4669;4668;4667;4666;4665;4664;4663
pos_test	tt0272152	6694;6693;6692;6691;6690;6689;6688;6687;6686;6685;6684;6683;6682;6681;6680;6679;6678;6677;6676;6675;6674;6673;6672;6671;6670;6669;6668;6667;6666;6665
pos_test	tt0082404	7565;7564;7563;7562;7561;7560;7559;7558;7557;7556;7555;7554;7553;7552;7551;7550
pos_test	tt0349903	1334;1333;1332;1331;1330;1329;1328;1327
pos_test	tt0122459	1855;1854;1853;1852;1851;1850;1849;1848;1847;1846;1845;1844;1843;1842;1841;1840;1839;1838;1837;1836;1835;1834;1833;1832;1831;1830;1829;1828;1827;1826
pos_test	tt0453494	5146;5145;5144;5143;5142;5141;5140;5139;5138;5137;5136;5135;5134;5133;5132;5131;5130;5129;5128;5127;5126;5125;5124;5123;5122;5121;5120
pos_test	tt0110604	643;642;641;640;639;638;637;636;635;634;633;632;631;630;629;628;627;626;625;624;623;622;621;620;619;618;617
pos_test	tt0112373	8064;8063;8062;8061;8060
pos_test	tt0151738	7620;7619;7618;7617;7616;7615;7614;7613;7612;7611;7610;7609;7608;7607;7606;7605;7604;7603;7602;7601;7600;7599;7598;7597;7596;7595;7594;7593
pos_test	tt0156934	9834;9833;9832;9831;9830;9829;9828;9827;9826;9825;9824;9823;9822;9821
pos_test	tt0164221	9028;9027;9026;9025;9024;9023;9022;9021;9020;9019;9018;9017;9016;9015
pos_test	tt0104926	2296;2295;2294;2293;2292;2291;2290;2289;2288;2287;2286;2285;2284;2283;2282;2281;2280;2279;2278;2277
pos_test	tt0124901	7497;7496;7495;7494;7493;7492;7491;7490;7489;7488;7487;7486;7485;7484;7483;7482;7481;7480;7479;7478;7477;7476;7475;7474;7473;7472;7471;7470;7469;7468
pos_test	tt0387808	4602;4601;4600;4599;4598;4597;4596;4595;4594;4593;4592;4591;4590;4589;4588;4587;4586;4585;4584;4583;4582;4581;4580;4579;4578;4577;4576;4575;4574;4573
pos_test	tt0118647	8045;8044;8043;8042;8041;8040;8039;8038;8037;8036;8035;8034;8033;8032;8031;8030;8029;8028;8027;8026;8025;8024;8023;8022;8021;8020;8019;8018;8017;8016
pos_test	tt0065421	3866;3865;3864;3863;3862;3861;3860;3859;3858;3857;3856;3855;3854;3853;3852;3851;3850;3849;3848;3847;3846;3845;3844;3843;3842;3841;3840;3839;3838;3837
pos_test	tt0118749	11402;11401;11400;11399;11398;11397;11396;11395;11394;11393;11392;11391;11390;11389;11388;11387;11386;11385;11384;11383;11382;11381;11380;11379;11378;11377;11376;11375;11374
pos_test	tt0069089	6130;6129;6128;6127;6126;6125;6124;6123;6122;6121;6120;6119;6118;6117;6116;6115;6114;6113;6112;6111;6110;6109;6108;6107
pos_test	tt0089489	6721;6720;6719;6718;6717;6716;6715;6714;6713;6712;6711;6710;6709;6708;6707;6706;6705;6704;6703;6702;6701;6700;6699;6698;6697
pos_test	tt0454945	9473;9472;9471;9470;9469;9468;9467;9466;9465;9464;9463;9462;9461;9460;9459;9458;9457;9456;9455;9454;9453;9452;9451;9450;9449;9448;9447;9446;9445
pos_test	tt0103776	8008;8007;8006;8005;8004;8003;8002;8001;8000;7999;7998;7997;7996;7995;7994;7993;7992;7991;7990;7989;7988;7987;7986;7985;7984;7983;7982;7981;7980;7979
pos_test	tt0091278	4959;4958;4957;4956;4955;4954;4953;4952;4951;4950;4949;4948;4947
pos_test	tt0107206	5500;5499;5498;5497;5496;5495;5494;5493;5492;5491;5490;5489;5488;5487;5486;5485;5484;5483;5482;5481;5480;5479;5478;5477;5476;5475;5474;5473
pos_test	tt0119848	1182;1181;1180;1179;1178;1177;1176;1175;1174;1173;1172;1171;1170
pos_test	tt0084171	3777;3776;3775;3774;3773;3772;3771;3770;3769;3768;3767;3766;3765;3764;3763;3762;3761;3760;3759;3758
pos_test	tt0080716	11133;11132;11131;11130;11129;11128;11127;11126;11125;11124;11123;11122;11121;11120;11119;11118;11117;11116;11115;11114;11113;11112;11111;11110;11109
pos_test	tt0113967	11076;11075;11074;11073;11072;11071;11070;11069
pos_test	tt0238112	3619;3618;3617;3616;3615;3614;3613;3612;3611;3610;3609;3608;3607;3606;3605;3604;3603;3602;3601;3600;3599;3598;3597;3596;3595;3594
pos_test	tt0103112	11938;11937;11936;11935;11934;11933;11932;11931;11930;11929;11928;11927;11926;11925;11924;11923;11922;11921;11920;11919;11918;11917;11916;11915;11914;11913;11912;11911;11910;11909
pos_test	tt0097336	9309;9308;9307;9306;9305;9304;9303;9302;9301;9300;9299
pos_test	tt0120776	7096;7095;7094;7093;7092;7091;7090;7089;7088;7087;7086;7085;7084;7083;7082;7081;7080;7079;7078;7077;7076;7075;7074;7073;7072
pos_test	tt0084787	8866;8865;8864;8863;8862;8861;8860;8859;8858;8857;8856;8855;8854;8853;8852;8851;8850;8849;8848;8847;8846;8845;8844;8843;8842;8841;8840;8839;8838;8837
pos_test	tt0082992	3114;3113;3112;3111;3110;3109;3108
pos_test	tt0455857	11420;11419;11418;11417;11416;11415;11414;11413;11412;11411;11410;11409;11408;11407;11406;11405;11404;11403
pos_test	tt0116322	7331;7330;7329;7328;7327;7326;7325
pos_test	tt0087805	10701;10700;10699;10698;10697;10696;10695;10694;10693;10692;10691;10690;10689
pos_test	tt0419887	4520;4519;4518;4517;4516;4515;4514;4513;4512;4511;4510;4509;4508;4507;4506;4505;4504;4503;4502;4501;4500;4499;4498;4497;4496;4495;4494
pos_test	tt0406816	16;15;14;13;12;11;10;9;8;7;6;5;4;3;2;1;0
pos_test	tt0094321	10074;10073;10072;10071;10070;10069;10068;10067;10066;10065;10064;10063;10062;10061;10060;10059;10058;10057;10056;10055;10054;10053
pos_test	tt0430770	5262;5261;5260;5259;5258;5257;5256;5255;5254;5253
pos_test	tt0100260	10240;10239;10238;10237;10236;10235;10234;10233;10232;10231;10230;10229;10228;10227;10226;10225;10224;10223;10222;10221;10220;10219;10218;10217;10216;10215;10214;10213
pos_test	tt0342275	5705;5704;5703;5702;5701;5700;5699;5698;5697
pos_test	tt0089003	4349;4348;4347;4346;4345;4344;4343;4342;4341;4340;4339;4338;4337;4336;4335;4334;4333;4332;4331;4330
pos_test	tt0154506	1290;1289;1288;1287;1286;1285;1284;1283;1282;1281;1280;1279;1278;1277;1276;1275;1274;1273;1272;1271;1270;1269;1268;1267;1266;1265;1264;1263;1262
pos_test	tt0112757	11825;11824;11823;11822;11821;11820;11819;11818;11817;11816;11815;11814;11813;11812;11811;11810;11809;11808;11807;11806;11805;11804;11803;11802;11801;11800;11799;11798;11797;11796
pos_test	tt0362129	11859;11858;11857;11856;11855;11854;11853;11852;11851;11850;11849;11848;11847;11846;11845;11844
pos_test	tt0166252	2512;2511;2510;2509;2508;2507;2506;2505;2504;2503;2502;2501;2500;2499;2498;2497;2496;2495
pos_test	tt0437179	2879;2878;2877;2876;2875;2874;2873;2872;2871;2870;2869;2868;2867;2866;2865;2864;2863;2862
pos_test	tt0144120	4244;4243;4242;4241;4240;4239;4238;4237;4236;4235;4234;4233;4232;4231;4230;4229;4228;4227;4226;4225;4224;4223;4222;4221;4220;4219;4218;4217;4216;4215
pos_test	tt0082507	2829;2828;2827;2826;2825;2824
pos_test	tt0804522	5083;5082;5081;5080;5079;5078;5077;5076;5075;5074;5073;5072;5071;5070;5069;5068;5067;5066;5065;5064;5063;5062;5061;5060;5059;5058;5057
pos_test	tt0365830	9120;9119;9118;9117;9116;9115;9114;9113;9112;9111;9110;9109;9108;9107;9106;9105;9104;9103;9102;9101;9100;9099;9098;9097;9096;9095;9094
pos_test	tt0219374	3694;3693;3692;3691;3690;3689;3688;3687;3686;3685;3684;3683;3682;3681;3680;3679;3678;3677;3676;3675;3674;3673;3672;3671;3670;3669;3668;3667;3666
pos_test	tt0107863	3280;3279;3278;3277;3276;3275;3274;3273
pos_test	tt0089603	1324;1323;1322;1321;1320;1319;1318;1317;1316;1315;1314;1313;1312;1311;1310
pos_test	tt0120765	3990;3989;3988;3987;3986;3985;3984;3983;3982
pos_test	tt0301976	5331;5330;5329;5328;5327;5326;5325;5324;5323;5322;5321;5320;5319;5318;5317;5316;5315;5314;5313;5312;5311;5310;5309;5308;5307
pos_test	tt0316465	10138;10137;10136;10135;10134;10133;10132;10131;10130;10129;10128;10127;10126;10125;10124;10123;10122;10121;10120;10119;10118;10117;10116;10115;10114;10113
pos_test	tt0109454	2175;2174;2173;2172;2171
pos_test	tt0113957	8219;8218;8217;8216;8215;8214;8213;8212;8211;8210;8209;8208;8207;8206;8205;8204;8203;8202;8201
pos_test	tt0124102	5515;5514;5513;5512;5511;5510;5509;5508;5507;5506;5505
pos_test	tt0092699	12269;12268;12267;12266;12265;12264;12263;12262;12261;12260;12259;12258;12257;12256;12255;12254;12253;12252;12251;12250;12249;12248;12247;12246;12245;12244;12243;12242;12241;12240
pos_test	tt0386588	9188;9187;9186;9185;9184;9183;9182;9181;9180;9179;9178;9177;9176;9175;9174;9173;9172;9171;9170;9169;9168;9167;9166;9165
pos_test	tt0275309	6623;6622;6621;6620;6619;6618;6617;6616;6615;6614;6613;6612;6611;6610;6609;6608;6607;6606;6605;6604;6603;6602;6601;6600;6599;6598;6597;6596;6595;6594
pos_test	tt0110657	2421;2420;2419;2418;2417;2416;2415;2414;2413;2412;2411;2410;2409;2408;2407;2406;2405;2404;2403
pos_test	tt0188674	8815;8814;8813;8812;8811;8810;8809;8808;8807;8806;8805;8804;8803;8802;8801;8800;8799;8798;8797;8796;8795;8794;8793;8792;8791
pos_test	tt0109206	10314;10313;10312;10311;10310;10309;10308;10307
pos_test	tt0094910	6370;6369;6368;6367;6366;6365;6364;6363;6362;6361;6360;6359
pos_test	tt0087365	12474;12473;12472;12471;12470;12469;12468;12467;12466;12465;12464;12463;12462;12461;12460;12459;12458;12457;12456;12455;12454;12453;12452;12451;12450
pos_test	tt0956038	3744;3743;3742;3741;3740;3739;3738;3737;3736;3735;3734;3733;3732;3731
pos_test	tt0107977	3088;3087;3086;3085;3084;3083;3082;3081;3080;3079;3078;3077;3076;3075;3074;3073;3072;3071;3070;3069;3068;3067;3066;3065;3064;3063;3062;3061;3060;3059
pos_test	tt0092890	7036;7035;7034;7033;7032;7031;7030;7029;7028;7027;7026;7025;7024;7023;7022;7021;7020;7019;7018;7017;7016;7015;7014;7013;7012;7011;7010;7009
pos_test	tt0095593	5547;5546;5545;5544;5543;5542;5541;5540;5539;5538;5537;5536;5535;5534;5533;5532
pos_test	tt0195778	7294;7293;7292;7291;7290;7289;7288;7287
pos_test	tt0119360	10922;10921;10920;10919;10918;10917;10916;10915;10914;10913;10912;10911;10910;10909;10908;10907;10906;10905;10904;10903;10902;10901;10900
pos_test	tt0819714	1004;1003;1002;1001;1000;999;998;997;996;995;994;993;992;991;990;989;988
pos_test	tt0094824	11996;11995;11994;11993;11992;11991;11990;11989;11988;11987
pos_test	tt0472062	8982;8981;8980;8979;8978;8977;8976;8975;8974;8973;8972;8971;8970;8969;8968;8967;8966;8965;8964;8963;8962;8961
pos_test	tt0120907	1995;1994;1993;1992;1991;1990;1989;1988;1987;1986;1985;1984;1983;1982;1981;1980;1979;1978;1977;1976;1975;1974;1973;1972;1971;1970;1969;1968;1967
pos_test	tt0483726	5446;5445;5444;5443;5442;5441;5440;5439;5438;5437;5436;5435;5434;5433;5432;5431;5430;5429
pos_test	tt0087231	11105;11104;11103;11102;11101;11100;11099;11098;11097;11096;11095;11094;11093;11092;11091;11090;11089;11088;11087;11086;11085;11084;11083;11082;11081;11080;11079
pos_test	tt0085461	31;30;29;28;27;26;25;24;23;22;21;20;19;18;17
pos_test	tt0312004	5361;5360;5359;5358;5357;5356;5355;5354;5353;5352;5351;5350;5349;5348;5347;5346;5345;5344;5343;5342;5341;5340;5339;5338;5337;5336;5335;5334;5333;5332
pos_test	tt0098383	7209;7208
pos_test	tt0114694	4559;4558;4557;4556;4555;4554;4553;4552;4551;4550;4549;4548;4547;4546;4545;4544;4543;4542;4541;4540;4539;4538;4537;4536;4535;4534;4533;4532
pos_test	tt0107447	8960;8959;8958;8957;8956;8955;8954;8953
pos_test	tt0373024	5416;5415;5414;5413;5412;5411;5410;5409;5408;5407;5406;5405;5404;5403;5402;5401;5400;5399;5398;5397;5396;5395;5394
pos_test	tt0384793	3981;3980;3979;3978;3977;3976;3975;3974;3973;3972;3971;3970;3969;3968;3967;3966;3965;3964;3963;3962;3961;3960
pos_test	tt0116130	2336;2335;2334;2333;2332;2331;2330;2329;2328;2327;2326;2325;2324;2323;2322;2321;2320;2319;2318;2317;2316;2315;2314;2313;2312;2311;2310;2309;2308;2307
pos_test	tt0090774	6742;6741;6740;6739;6738;6737;6736;6735
pos_test	tt0238546	12197;12196;12195;12194;12193;12192;12191;12190;12189;12188;12187;12186;12185;12184;12183;12182;12181;12180;12179;12178;12177
pos_test	tt0081613	3173;3172;3171;3170;3169;3168
pos_test	tt0113253	9877;9876;9875;9874;9873;9872;9871;9870;9869;9868;9867;9866
pos_test	tt0218839	9578;9577;9576;9575;9574;9573;9572;9571;9570;9569;9568;9567;9566;9565;9564;9563;9562;9561;9560;9559;9558;9557;9556;9555;9554;9553;9552;9551
pos_test	tt0283900	2805;2804;2803;2802;2801;2800;2799;2798;2797;2796;2795;2794;2793;2792;2791;2790;2789;2788;2787;2786;2785;2784;2783;2782;2781;2780
pos_test	tt0143861	6509;6508;6507;6506;6505;6504;6503;6502;6501;6500;6499
pos_test	tt0310778	10832;10831;10830;10829;10828;10827;10826;10825;10824;10823;10822;10821;10820;10819;10818;10817;10816;10815;10814;10813
pos_test	tt0089160	1238;1237
pos_test	tt0118604	1705;1704;1703;1702;1701;1700;1699;1698;1697
pos_test	tt0446687	784;783;782;781;780;779;778;777;776;775;774;773;772;771;770;769;768;767;766;765;764;763;762;761;760;759;758
pos_test	tt0304678	8619;8618;8617;8616;8615;8614;8613;8612;8611;8610;8609
pos_test	tt0108186	6295;6294;6293;6292;6291;6290;6289;6288;6287;6286;6285;6284;6283;6282;6281;6280;6279
pos_test	tt0091680	11963;11962;11961;11960;11959;11958;11957;11956;11955;11954;11953;11952;11951;11950;11949;11948;11947;11946;11945
pos_test	tt0391229	3890;3889;3888;3887;3886;3885;3884;3883;3882;3881
pos_test	tt0202470	2037;2036;2035;2034;2033;2032;2031;2030;2029;2028;2027;2026;2025;2024;2023;2022;2021;2020;2019;2018;2017;2016;2015;2014
pos_test	tt0082810	12015;12014;12013;12012;12011;12010;12009;12008;12007;12006
pos_test	tt0119305	11771;11770;11769;11768;11767;11766;11765;11764;11763;11762;11761;11760;11759;11758
pos_test	tt0345551	8173;8172;8171;8170;8169;8168;8167;8166;8165;8164;8163;8162;8161;8160;8159;8158;8157;8156;8155;8154;8153;8152;8151;8150;8149;8148;8147;8146;8145;8144
pos_test	tt0397065	3934;3933;3932;3931;3930;3929;3928;3927;3926;3925;3924;3923;3922;3921;3920;3919;3918;3917;3916;3915;3914;3913;3912;3911;3910;3909
pos_test	tt0264935	5862;5861;5860;5859;5858;5857;5856;5855;5854;5853;5852;5851;5850;5849;5848;5847;5846
pos_test	tt0084234	10456;10455;10454;10453;10452;10451;10450;10449;10448;10447;10446;10445;10444;10443;10442;10441;10440;10439;10438;10437;10436;10435;10434;10433;10432
pos_test	tt0134033	7274;7273;7272;7271;7270;7269;7268;7267;7266;7265;7264;7263;7262;7261;7260;7259;7258;7257;7256;7255;7254;7253;7252;7251;7250;7249;7248
pos_test	tt0379889	9974;9973;9972;9971;9970;9969;9968;9967;9966;9965;9964;9963;9962;9961;9960;9959;9958;9957;9956;9955;9954;9953;9952
pos_test	tt0203755	11875;11874;11873;11872;11871;11870;11869;11868;11867;11866;11865;11864;11863;11862;11861;11860
pos_test	tt0116908	2067;2066;2065;2064;2063;2062;2061;2060;2059;2058;2057;2056;2055;2054;2053;2052;2051;2050;2049;2048;2047;2046;2045;2044;2043;2042;2041;2040;2039;2038
pos_test	tt0388980	10004;10003;10002;10001;10000;9999;9998;9997;9996;9995;9994;9993;9992;9991;9990;9989;9988;9987;9986;9985;9984;9983;9982;9981;9980;9979;9978;9977;9976
pos_test	tt0246765	8595;8594;8593;8592;8591;8590;8589;8588;8587;8586;8585;8584
pos_test	tt0144142	11499;11498;11497;11496;11495;11494;11493;11492;11491;11490;11489;11488;11487;11486;11485
pos_test	tt0120323	7306;7305;7304;7303;7302;7301;7300;7299;7298;7297;7296;7295
pos_test	tt0096219	10799;10798;10797;10796;10795;10794;10793;10792;10791;10790;10789;10788;10787;10786;10785;10784;10783;10782;10781;10780;10779;10778;10777;10776;10775;10774;10773;10772
pos_test	tt0462200	2588;2587;2586;2585;2584;2583;2582;2581;2580;2579;2578;2577;2576;2575;2574;2573;2572;2571;2570;2569;2568;2567;2566;2565;2564;2563;2562;2561;2560;2559
pos_test	tt0094142	8894;8893;8892;8891;8890;8889;8888;8887;8886;8885;8884;8883;8882;8881;8880;8879;8878;8877;8876;8875;8874;8873;8872;8871;8870;8869;8868;8867
pos_test	tt0125980	4482;4481;4480;4479;4478;4477;4476;4475;4474;4473;4472;4471;4470
pos_test	tt0086525	1825;1824;1823;1822;1821;1820;1819;1818;1817;1816;1815;1814;1813;1812;1811;1810;1809;1808;1807;1806;1805;1804;1803;1802;1801;1800;1799;1798;1797
pos_test	tt0178642	11537;11536;11535;11534;11533;11532;11531;11530;11529;11528;11527;11526;11525;11524;11523;11522;11521;11520
pos_test	tt0091310	8462;8461;8460
pos_test	tt0149691	557;556;555;554;553;552;551;550;549;548;547;546;545;544;543;542;541;540;539;538;537;536;535;534;533;532;531;530;529
pos_test	tt0369053	4300;4299;4298;4297;4296;4295;4294;4293;4292;4291;4290;4289;4288;4287;4286;4285;4284;4283;4282;4281;4280;4279;4278;4277;4276
pos_test	tt0112495	4726;4725;4724;4723;4722;4721;4720;4719;4718;4717;4716;4715;4714;4713;4712;4711;4710;4709;4708;4707;4706
pos_test	tt0119572	7781;7780;7779;7778;7777;7776;7775;7774;7773;7772;7771;7770;7769;7768;7767;7766;7765;7764;7763
pos_test	tt0343172	1575;1574;1573;1572;1571;1570;1569;1568;1567;1566;1565;1564;1563;1562;1561;1560;1559;1558;1557;1556
pos_test	tt0112818	11669;11668;11667;11666;11665;11664;11663;11662;11661;11660;11659;11658;11657;11656;11655;11654;11653;11652;11651;11650;11649;11648;11647;11646;11645;11644;11643;11642;11641;11640
pos_test	tt0284490	4075;4074;4073;4072;4071;4070;4069;4068;4067;4066;4065;4064;4063;4062;4061;4060;4059;4058;4057
