id,title,year,rtAllCriticsRating,rtAllCriticsNumReviews,rtAllCriticsNumFresh,rtAllCriticsNumRotten,rtAllCriticsScore,rtTopCriticsRating,rtTopCriticsNumReviews,rtTopCriticsNumFresh,rtTopCriticsNumRotten,rtTopCriticsScore,rtAudienceRating,rtAudienceNumRatings,rtAudienceScore,theaters,box_office,distributor_Sony,distributor_Warner_Bros,distributor_Universal,distributor_Walt_Disney,distributor_20th_Century_Fox,distributor_Paramount,distributor_Miramax,distributor_MGM,distributor_Sony_Classics,distributor_New_Line,distributor_Lionsgate,distributor_IFC_Films,distributor_Strand,distributor_Magnolia,distributor_Fox_Searchlight,distributor_Orion,distributor_First_Run_Features,distributor_ThinkFilm,distributor_Regent_Releasing,distributor_Focus_Features,genre_Drama,genre_Comedy,genre_Documentary,genre_Action,genre_ThrillerSuspense,genre_Adventure,genre_Horror,genre_Romantic_Comedy,genre_Musical,genre_Black_Comedy,genre_Western,genre_ConcertPerformance,target,Directors_in_top100,Actors_in_top100,freq_ge0_l1,freq_ge1_l2,freq_ge2_l3,freq_ge3_l4,freq_ge4_l5,avg_rating,num_ratings,pct_rated_1,pct_rated_2,pct_rated_3,pct_rated_4,pct_rated_5,7,1930s,1960s,1970s,1980s,19th century,3d,80s,absurd,action,action packed,adapted from:book,adapted from:comic,addiction,adolescence,adultery,adventure,africa,alcoholism,alien,alien invasion,aliens,alternate reality,alternate universe,amazing cinematography,amazing photography,amnesia,androids,animals,animated,animation,anime,anti-hero,anti-war,apocalypse,archaeology,arnold,art,artificial intelligence,artistic,assassin,assassination,atheism,atmospheric,australia,autism,aviation,bad acting,bad ending,bad plot,bad science,bad script,ballet,bank robbery,baseball,based on a book,based on a comic,based on a play,based on a true story,based on a tv show,based on book,batman,beautiful,beautiful scenery,beautifully filmed,better than expected,biblical,big budget,biography,biopic,bittersweet,black and white,black comedy,bleak,blood,bloody,bollywood,boring,boxing,british,british comedy,brutal,brutality,buddy movie,business,campy,cannibalism,car chase,cars,cerebral,cgi,cheesy,chick flick,child abuse,childhood,children,china,christian,christianity,christmas,cia,cinematography,civil war,classic,claustrophobic,claymation,clever,cloning,coen brothers,cold war,college,comedy,comic book,coming of age,complex,complex characters,complicated,complicated plot,computer animation,computers,confusing,conspiracy,conspiracy theory,controversial,corruption,courtroom,courtroom drama,creepy,crime,criterion,cross dressing,crude humor,cult classic,cult film,culture clash,cute,cyberpunk,cynical,dance,dancing,dark,dark comedy,dark fantasy,dark hero,dark humor,deadpan,death,depressing,depression,detective,dialogue,dialogue driven,dinosaurs,directorial debut,disability,disappointing,disaster,disney,disturbing,divorce,documentary,dogs,dragon,dragons,drama,dramatic,dreamlike,dreams,dreamworks,drinking,drugs,dumb,dysfunctional family,dystopia,dystopic future,easily confused with other movie(s) (title),eerie,effects,emotional,end of the world,england,enigmatic,ensemble cast,environmental,epic,erotic,espionage,excellent script,existentialism,fairy tale,family,family bonds,fantasy,fantasy world,fashion,fast paced,father daughter relationship,father-son relationship,feel good movie,feel-good,fight scenes,fighting,film noir,flashbacks,food,football,france,franchise,french,friendship,fun,funny,funny as hell,future,futuristic,gambling,gangs,gangster,gangsters,gay,genetics,genius,german,germany,ghosts,ghosts/afterlife,girlie movie,good acting,good dialogue,good soundtrack,good versus evil,goofy,gore,gothic,great acting,great cinematography,great dialogue,great ending,great soundtrack,grim,gritty,guns,hackers,hacking,hallucinatory,handycam,hannibal lecter,happy ending,haunted house,heartbreaking,heartwarming,heist,high fantasy,high school,hilarious,historical,history,hitchcock,hitman,hollywood,holocaust,homosexuality,horror,humor,humorous,imagination,imdb top 250,immigrants,immortality,incest,independent film,india,indiana jones,indie,insanity,inspirational,intellectual,intelligent,intense,interesting,investigation,ireland,irreverent,island,isolation,italy,james bond,jane austen,japan,japanese,jesus,journalism,justice,kidnapping,kung fu,las vegas,lawyers,lesbian,london,loneliness,long,los angeles,love,love story,low budget,lyrical,mad scientist,mafia,magic,male nudity,marijuana,marriage,mars,martial arts,marvel,masterpiece,mathematics,medieval,meditative,melancholic,melancholy,memory,mental illness,mentor,mexico,middle east,midlife crisis,military,mindfuck,mockumentary,monster,monty python,motorcycle,multiple storylines,murder,music,musical,musicians,mystery,mythology,narrated,nature,nazis,neo-noir,nerds,new york,new york city,no plot,noir thriller,nonlinear,nostalgic,not funny,notable soundtrack,nuclear war,nudity,nudity (full frontal - notable),nudity (full frontal),nudity (rear),nudity (topless - brief),nudity (topless - notable),nudity (topless),obsession,off-beat comedy,organized crime,original,original plot,oscar (best actor),oscar (best actress),oscar (best cinematography),oscar (best directing),oscar (best effects - visual effects),oscar (best picture),oscar (best supporting actor),over the top,overrated,paranoia,paranoid,paris,parody,philip k. dick,philosophical,philosophy,photography,pirates,pixar,plot,plot holes,plot twist,poignant,pointless,poker,police,police corruption,political,politics,post apocalyptic,post-apocalyptic,poverty,powerful ending,predictable,pregnancy,pretentious,prison,prison escape,propaganda,prostitution,psychedelic,psychological,psychology,queer,quirky,quotable,racism,rape,realistic,rebellion,redemption,reflective,relationships,religion,remake,revenge,revolution,ridiculous,road movie,road trip,robots,rock and roll,romance,romantic,romantic comedy,rome,sad,samurai,satire,satirical,scary,scenic,schizophrenia,school,sci fi,sci-fi,science,science fiction,scifi,scotland,screwball comedy,self discovery,sentimental,sequel,serial killer,sex,sexual,sexuality,sexualized violence,sexy,shakespeare,short,short-term memory loss,silly,slapstick,slavery,slow,slow paced,small town,so bad it's good,soccer,social commentary,space,space travel,spaghetti western,spanish,special effects,spielberg,spies,splatter,spoof,sports,spy,stand-up comedy,star trek,star wars,steampunk,stoner movie,stop motion,story,storytelling,stranded,strange,strippers,studio ghibli,stupid,stylish,stylized,submarine,suburbia,suicide,super-hero,superhero,supernatural,surprise ending,surreal,surrealism,surveillance,survival,suspense,suspenseful,swedish,sweet,sword fight,talking animals,tarantino,technology,teen,teen movie,teenagers,tense,terrorism,thought-provoking,thriller,time loop,time travel,tokyo,too long,torture,touching,tragedy,trains,treasure,true story,twist,twist ending,twists & turns,underrated,understated,unfunny,unique,unlikeable characters,unrealistic,vampire,vampires,vengeance,video game adaptation,video games,vietnam,vietnam war,vigilante,violence,violent,virtual reality,virus,visceral,visually appealing,visually stunning,voyeurism,war,wedding,weird,werewolves,western,whimsical,witty,women,world war i,world war ii,writers,wwii,zombie,zombies
1,Toy story,1995,9,73,73,0,100,8.5,17,17,0,100,3.7,102338,81,119,191652928,0,0,0,1,0,0,0,0,0,0,0,0,0,0,0,0,0,0,0,0,0,0,0,0,0,1,0,0,0,0,0,0,1,0,1,10,18,92,430,713,3.74,1263,0.007917656,0.014251781,0.072842439,0.340459224,0.564528899,0.032,0.105,0.04,0.208,0.261,0.032,0.563,0.191,0.134,0.44,0.209,0.261,0.043,0.085,0.074,0.062,0.894,0.044,0.025,0.13,0.044,0.195,0.134,0.171,0.061,0.246,0.019,0.02,0.655,0.979,0.987,0.093,0.139,0.028,0.111,0.01,0.009,0.254,0.062,0.376,0.08,0.141,0.061,0.288,0.077,0.044,0.022,0.057,0.127,0.112,0.079,0.015,0.004,0.035,0.007,0.158,0.031,0.186,0.104,0.014,0.484,0.005,0.097,0.265,0.193,0.175,0.023,0.31,0.065,0.09,0.163,0.106,0.094,0.105,0.07,0.049,0.059,0.055,0.031,0.2,0.062,0.037,0.239,0.451,0.09,0.062,0.023,0.079,0.155,0.218,0.791,0.071,0.063,0.019,0.898,0.973,0.011,0.014,0.01,0.019,0.018,0.111,0.035,0.806,0.229,0.015,0.751,0.132,0.009,0.083,0.024,0.544,0.042,0.342,0.356,0.056,0.104,0.097,0.998,0.421,0.015,0.166,0.046,0.025,0.27,0.062,0.029,0.11,0.084,0.316,0.048,0.29,0.23,0.192,0.434,0.78,0.015,0.191,0.021,0.03,0.073,0.055,0.051,0.199,0.076,0.037,0.24,0.087,0.132,0.033,0.609,0.081,0.303,0.085,0.046,0.008,0.056,0.841,0.087,0.113,0.033,0.102,0.014,0.095,0.312,0.277,0.109,0.17,0.186,0.151,0.027,0.023,0.129,0.059,0.062,0.052,0.076,0.298,0.214,0.165,0.106,0.229,0.149,0.181,0.166,0.083,0.042,0.582,0.299,0.624,0.653,0.16,0.538,0.434,0.168,0.411,0.071,0.128,0.599,0.581,0.263,0.163,0.123,0.027,0.054,0.018,0.065,0.233,0.035,0.774,0.9,0.641,0.132,0.076,0.094,0.042,0.139,0.111,0.236,0.039,0.047,0.09,0.063,0.043,0.04,0.089,0.237,0.461,0.261,0.68,0.432,0.279,0.025,0.022,0.439,0.062,0.225,0.683,0.252,0.117,0.133,0.037,0.036,0.018,0.008,0.01,0.002,0.456,0.023,0.114,0.708,0.066,0.134,0.041,0.286,0.173,0.128,0.021,0.106,0.008,0.017,0.017,0.04,0.554,0.673,0.508,0.924,0.025,0.026,0.009,0.15,0.011,0.016,0.062,0.07,0.343,0.134,0.133,0.378,0.555,0.12,0.06,0.059,0.153,0.027,0.02,0.005,0.02,0.016,0.02,0.026,0.048,0.375,0.079,0.035,0.026,0.066,0.021,0.127,0.364,0.083,0.044,0.169,0.162,0.073,0.03,0.158,0.017,0.289,0.109,0.013,0.031,0.062,0.018,0.026,0.301,0.009,0.028,0.056,0.263,0.254,0.17,0.102,0.668,0.017,0.029,0.019,0.032,0.032,0.009,0.206,0.005,0.055,0.163,0.217,0.055,0.111,0.021,0.038,0.181,0.419,0.024,0.037,0.026,0.113,0.099,0.086,0.062,0.05,0.111,0.63,0.322,0.048,0.06,0.052,0.119,0.03,0.037,0.074,0.132,0.028,0.118,0.043,0.065,0.88,0.735,0.153,0.331,0.156,0.604,0.429,0.127,0.194,0.063,0.148,0.142,0.258,0.039,0.032,0.126,0.141,0.189,0.076,0.017,0.941,0.276,0.111,0.208,0.112,0.037,0.099,0.014,0.08,0.053,0.04,0.029,0.043,0.014,0.289,0.209,0.012,0.032,0.095,0.11,0.064,0.03,0.011,0.152,0.116,0.14,0.25,0.651,0.071,0.021,0.338,0.046,0.598,0.183,0.099,0.023,0.019,0.319,0.082,0.028,0.07,0.038,0.047,0.02,0.145,0.219,0.127,0.01,0.14,0.021,0.057,0.102,0.261,0.257,0.014,0.12,0.233,0.05,0.134,0.224,0.209,0.022,0.051,0.309,0.438,0.23,0.072,0.023,0.049,0.048,0.095,0.186,0.015,0.153,0.1,0.096,0.165,0.042,0.056,0.044,0.277,0.012,0.012,0.369,0.414,0.088,0.01,0.027,0.284,0.125,0.076,0.086,0.025,0.038,0.11,0.07,0.019,0.018,0.063,0.089,0.276,0.913,0.692,0.206,0.026,0.005,0.012,0.017,0.075,0.347,0.039,0.108,0.023,0.076,0.116,0.091,0.07,0.085,0.032,0.175,0.152,0.513,0.274,0.001,0.542,0.063,0.56,0.005,0.661,0.2,0.169,0.027,0.294,0.02,0.175,0.27,0.039,0.137,0.113,0.04,0.285,0.544,0.18,0.021,0.135,0.095,0.127,0.146,0.303,0.269,0.055,0.242,0.056,0.032,0.033,0.008,0.002,0.337,0.008,0.048,0.008,0.004,0.073,0.243,0.174,0.026,0.021,0.156,0.339,0.338,0.032,0.069,0.013,0.245,0.007,0.023,0.698,0.758,0.109,0.022,0.028,0.116,0.029,0.116,0.025
2,Jumanji,1995,5.6,28,13,15,46,5.8,5,2,3,40,3.2,44587,61,615,100109938,1,0,0,0,0,0,0,0,0,0,0,0,0,0,0,0,0,0,0,0,0,0,0,0,0,1,0,0,0,0,0,0,1,0,2,5,64,182,372,142,2.98,765,0.006535948,0.083660131,0.237908497,0.48627451,0.185620915,0.041,0.111,0.065,0.127,0.117,0.026,0.106,0.238,0.178,0.656,0.54,0.553,0.125,0.069,0.174,0.038,0.988,0.047,0.019,0.118,0.112,0.132,0.252,0.148,0.037,0.081,0.011,0.02,0.913,0.09,0.184,0.029,0.04,0.01,0.153,0.086,0.018,0.105,0.046,0.064,0.046,0.065,0.103,0.151,0.047,0.031,0.065,0.13,0.121,0.249,0.209,0.03,0.004,0.043,0.006,0.626,0.051,0.226,0.065,0.044,0.515,0.007,0.044,0.194,0.107,0.175,0.017,0.863,0.094,0.059,0.123,0.024,0.097,0.047,0.029,0.03,0.038,0.069,0.023,0.1,0.019,0.031,0.25,0.068,0.049,0.223,0.012,0.071,0.059,0.125,0.591,0.22,0.07,0.014,0.807,0.967,0.006,0.045,0.016,0.031,0.03,0.146,0.012,0.141,0.082,0.002,0.32,0.172,0.006,0.039,0.028,0.343,0.046,0.181,0.117,0.021,0.1,0.04,0.682,0.189,0.015,0.163,0.134,0.023,0.238,0.067,0.021,0.086,0.05,0.269,0.06,0.205,0.174,0.15,0.284,0.241,0.026,0.031,0.014,0.034,0.062,0.065,0.08,0.194,0.029,0.005,0.36,0.023,0.079,0.037,0.381,0.016,0.542,0.059,0.032,0.01,0.285,0.148,0.076,0.158,0.022,0.012,0.04,0.194,0.261,0.427,0.147,0.084,0.054,0.085,0.014,0.026,0.141,0.114,0.103,0.069,0.073,0.708,0.088,0.204,0.111,0.147,0.073,0.099,0.085,0.083,0.046,0.191,0.183,0.265,0.796,0.056,0.924,0.847,0.074,0.61,0.041,0.05,0.257,0.317,0.369,0.146,0.072,0.019,0.011,0.032,0.024,0.188,0.028,0.167,0.756,0.23,0.072,0.34,0.255,0.037,0.073,0.055,0.165,0.04,0.089,0.025,0.022,0.012,0.09,0.222,0.325,0.193,0.119,0.214,0.408,0.182,0.019,0.042,0.245,0.064,0.035,0.428,0.056,0.051,0.095,0.018,0.201,0.044,0.016,0.012,0.001,0.517,0.018,0.041,0.337,0.025,0.261,0.095,0.069,0.057,0.043,0.017,0.064,0.021,0.011,0.03,0.073,0.055,0.214,0.342,0.168,0.032,0.111,0.009,0.051,0.004,0.091,0.019,0.085,0.269,0.123,0.046,0.329,0.257,0.072,0.026,0.022,0.248,0.014,0.014,0.006,0.02,0.014,0.011,0.04,0.03,0.229,0.039,0.038,0.044,0.045,0.014,0.058,0.138,0.047,0.041,0.109,0.158,0.034,0.012,0.193,0.022,0.728,0.117,0.011,0.02,0.131,0.025,0.025,0.058,0.008,0.086,0.044,0.183,0.074,0.136,0.084,0.684,0.015,0.019,0.01,0.035,0.035,0.014,0.176,0.007,0.114,0.157,0.142,0.028,0.037,0.022,0.083,0.393,0.143,0.018,0.022,0.012,0.068,0.059,0.081,0.06,0.037,0.045,0.641,0.325,0.026,0.025,0.033,0.121,0.024,0.092,0.065,0.259,0.037,0.111,0.035,0.033,0.707,0.619,0.092,0.179,0.058,0.265,0.526,0.038,0.088,0.046,0.192,0.08,0.165,0.024,0.039,0.066,0.056,0.074,0.042,0.014,0.01,0.153,0.205,0.062,0.156,0.073,0.351,0.018,0.063,0.045,0.047,0.056,0.055,0.012,0.116,0.506,0.014,0.026,0.081,0.079,0.042,0.03,0.013,0.152,0.117,0.138,0.173,0.111,0.044,0.015,0.074,0.029,0.402,0.14,0.098,0.042,0.107,0.16,0.09,0.059,0.073,0.033,0.094,0.016,0.18,0.175,0.122,0.011,0.051,0.019,0.049,0.105,0.669,0.139,0.018,0.238,0.416,0.295,0.222,0.404,0.461,0.014,0.041,0.116,0.497,0.107,0.024,0.016,0.037,0.023,0.058,0.168,0.015,0.008,0.009,0.313,0.232,0.028,0.044,0.012,0.183,0.038,0.014,0.179,0.234,0.075,0.006,0.023,0.952,0.127,0.06,0.112,0.029,0.069,0.068,0.073,0.013,0.021,0.173,0.071,0.218,0.644,0.288,0.083,0.051,0.007,0.004,0.064,0.048,0.186,0.049,0.044,0.028,0.063,0.087,0.605,0.06,0.116,0.06,0.077,0.348,0.447,0.118,0.002,0.085,0.098,0.163,0.004,0.585,0.187,0.243,0.03,0.135,0.032,0.116,0.151,0.039,0.553,0.049,0.069,0.098,0.185,0.072,0.009,0.215,0.08,0.065,0.184,0.143,0.324,0.016,0.206,0.016,0.023,0.035,0.014,0.004,0.272,0.199,0.47,0.01,0.003,0.04,0.171,0.125,0.158,0.026,0.091,0.195,0.345,0.034,0.044,0.009,0.311,0.023,0.013,0.294,0.146,0.174,0.015,0.017,0.137,0.012,0.096,0.016
3,Grumpy Old Men,1993,5.9,36,24,12,66,7,6,5,1,83,3.2,10489,66,1632,58114773,0,1,0,0,0,0,0,0,0,0,0,0,0,0,0,0,0,0,0,0,0,1,0,0,0,0,0,0,0,0,0,0,1,0,2,8,17,74,111,42,2.87,252,0.031746032,0.067460317,0.293650794,0.44047619,0.166666667,0.037,0.043,0.058,0.257,0.065,0.031,0.021,0.131,0.137,0.183,0.229,0.196,0.063,0.045,0.074,0.121,0.394,0.056,0.011,0.023,0.017,0.03,0.11,0.047,0.039,0.101,0.007,0.022,0.118,0.008,0.031,0.01,0.046,0.012,0.072,0.03,0.009,0.076,0.026,0.051,0.055,0.081,0.05,0.116,0.076,0.012,0.014,0.101,0.164,0.215,0.053,0.016,0.003,0.036,0.008,0.118,0.019,0.134,0.042,0.058,0.151,0.004,0.069,0.204,0.095,0.099,0.016,0.226,0.022,0.037,0.178,0.022,0.083,0.072,0.037,0.058,0.037,0.162,0.016,0.094,0.034,0.053,0.338,0.177,0.053,0.1,0.026,0.123,0.053,0.092,0.022,0.051,0.155,0.009,0.208,0.214,0.005,0.014,0.009,0.014,0.018,0.15,0.041,0.09,0.066,0.001,0.187,0.046,0.006,0.039,0.038,0.767,0.024,0.148,0.184,0.03,0.044,0.032,0.175,0.021,0.016,0.123,0.051,0.023,0.183,0.077,0.023,0.039,0.045,0.344,0.045,0.325,0.144,0.176,0.378,0.142,0.024,0.076,0.01,0.022,0.039,0.049,0.041,0.172,0.023,0.006,0.502,0.021,0.063,0.052,0.482,0.031,0.078,0.054,0.02,0.032,0.112,0.07,0.078,0.281,0.018,0.023,0.007,0.04,0.178,0.245,0.174,0.072,0.033,0.093,0.018,0.04,0.167,0.067,0.043,0.066,0.041,0.039,0.123,0.088,0.057,0.208,0.109,0.024,0.047,0.111,0.023,0.259,0.151,0.033,0.654,0.049,0.111,0.227,0.047,0.092,0.052,0.046,0.164,0.191,0.264,0.12,0.075,0.021,0.006,0.005,0.022,0.332,0.029,0.267,0.256,0.405,0.208,0.053,0.043,0.015,0.092,0.061,0.173,0.064,0.023,0.015,0.022,0.011,0.021,0.125,0.275,0.11,0.195,0.262,0.1,0.173,0.023,0.065,0.325,0.031,0.044,0.41,0.074,0.081,0.105,0.051,0.019,0.019,0.017,0.012,0.003,0.298,0.013,0.042,0.064,0.032,0.058,0.075,0.405,0.064,0.049,0.015,0.111,0.004,0.011,0.03,0.031,0.087,0.155,0.049,0.208,0.042,0.178,0.02,0.06,0.005,0.009,0.028,0.179,0.141,0.084,0.052,0.178,0.182,0.09,0.041,0.031,0.181,0.015,0.048,0.004,0.022,0.008,0.009,0.035,0.043,0.219,0.049,0.028,0.046,0.08,0.011,0.075,0.128,0.035,0.032,0.134,0.174,0.027,0.016,0.152,0.039,0.085,0.174,0.021,0.376,0.026,0.022,0.014,0.16,0.005,0.029,0.075,0.225,0.1,0.046,0.076,0.517,0.029,0.016,0.018,0.023,0.039,0.009,0.025,0.008,0.052,0.228,0.121,0.014,0.029,0.021,0.025,0.069,0.171,0.009,0.016,0.014,0.079,0.069,0.09,0.058,0.04,0.058,0.173,0.241,0.063,0.016,0.085,0.143,0.041,0.152,0.101,0.254,0.061,0.206,0.09,0.078,0.786,0.358,0.049,0.134,0.064,0.298,0.185,0.04,0.096,0.046,0.213,0.07,0.133,0.029,0.06,0.046,0.068,0.095,0.063,0.005,0.002,0.107,0.063,0.06,0.049,0.159,0.049,0.017,0.058,0.06,0.06,0.023,0.03,0.017,0.148,0.463,0.067,0.04,0.076,0.071,0.022,0.062,0.011,0.127,0.09,0.174,0.175,0.137,0.042,0.033,0.071,0.035,0.246,0.143,0.432,0.036,0.116,0.356,0.072,0.072,0.093,0.074,0.036,0.015,0.539,0.279,0.536,0.023,0.078,0.019,0.122,0.145,0.099,0.116,0.009,0.066,0.148,0.058,0.061,0.138,0.081,0.02,0.041,0.039,0.12,0.97,0.042,0.051,0.075,0.039,0.118,0.325,0.005,0.009,0.009,0.49,0.33,0.039,0.044,0.024,0.194,0.032,0.004,0.171,0.016,0.031,0.02,0.014,0.148,0.019,0.038,0.123,0.042,0.049,0.041,0.074,0.01,0.014,0.05,0.068,0.019,0.342,0.246,0.039,0.017,0.01,0.004,0.032,0.073,0.19,0.03,0.053,0.022,0.025,0.03,0.063,0.039,0.134,0.055,0.072,0.13,0.261,0.129,0.002,0.163,0.041,0.067,0.005,0.164,0.143,0.159,0.026,0.104,0.024,0.125,0.096,0.017,0.016,0.053,0.086,0.119,0.122,0.062,0.013,0.131,0.05,0.088,0.286,0.179,0.223,0.015,0.275,0.011,0.027,0.031,0.017,0.005,0.556,0.01,0.007,0.008,0.005,0.128,0.128,0.11,0.026,0.016,0.111,0.227,0.13,0.063,0.043,0.468,0.188,0.022,0.043,0.15,0.185,0.398,0.022,0.029,0.15,0.016,0.063,0.013
4,Waiting to Exhale,1995,5.6,25,14,11,56,5.5,11,5,6,45,3.3,5666,79,103,66947948,0,0,0,0,1,0,0,0,0,0,0,0,0,0,0,0,0,0,0,0,1,0,0,0,0,0,0,0,0,0,0,0,1,0,0,2,7,12,18,6,2.58,45,0.044444444,0.155555556,0.266666667,0.4,0.133333333,0.03,0.063,0.025,0.109,0.056,0.03,0.018,0.112,0.143,0.13,0.137,0.428,0.064,0.058,0.038,0.461,0.146,0.056,0.017,0.02,0.018,0.03,0.105,0.026,0.058,0.046,0.011,0.009,0.127,0.008,0.044,0.012,0.03,0.009,0.027,0.005,0.005,0.107,0.01,0.079,0.056,0.072,0.05,0.113,0.03,0.016,0.012,0.312,0.126,0.284,0.075,0.019,0.004,0.046,0.002,0.436,0.017,0.097,0.046,0.014,0.269,0.002,0.115,0.435,0.15,0.102,0.006,0.266,0.023,0.036,0.167,0.024,0.106,0.05,0.028,0.039,0.043,0.12,0.009,0.107,0.02,0.071,0.334,0.032,0.056,0.059,0.02,0.098,0.052,0.096,0.016,0.061,0.865,0.023,0.178,0.068,0.004,0.012,0.007,0.006,0.019,0.135,0.035,0.085,0.048,0.001,0.165,0.025,0.006,0.035,0.019,0.12,0.021,0.144,0.13,0.028,0.139,0.032,0.113,0.014,0.021,0.077,0.072,0.036,0.151,0.039,0.016,0.023,0.033,0.236,0.048,0.247,0.181,0.17,0.361,0.194,0.015,0.044,0.016,0.028,0.03,0.079,0.046,0.164,0.027,0.005,0.224,0.021,0.097,0.033,0.344,0.023,0.038,0.048,0.022,0.019,0.185,0.118,0.063,0.511,0.03,0.011,0.006,0.04,0.28,0.235,0.203,0.047,0.028,0.313,0.041,0.055,0.203,0.044,0.025,0.038,0.036,0.028,0.132,0.023,0.039,0.143,0.137,0.024,0.028,0.102,0.023,0.157,0.141,0.053,0.378,0.039,0.129,0.234,0.097,0.076,0.033,0.011,0.518,0.587,0.202,0.035,0.099,0.023,0.01,0.006,0.025,0.134,0.024,0.552,0.187,0.129,0.053,0.027,0.027,0.01,0.09,0.033,0.187,0.41,0.017,0.022,0.023,0.008,0.044,0.074,0.823,0.106,0.105,0.346,0.083,0.082,0.012,0.033,0.177,0.035,0.033,0.344,0.076,0.044,0.082,0.035,0.016,0.014,0.019,0.009,0.002,0.459,0.014,0.033,0.291,0.026,0.061,0.103,0.059,0.079,0.016,0.014,0.161,0.009,0.007,0.043,0.044,0.035,0.123,0.042,0.15,0.025,0.044,0.008,0.055,0.002,0.005,0.033,0.04,0.164,0.06,0.043,0.132,0.178,0.062,0.089,0.026,0.143,0.011,0.019,0.003,0.043,0.01,0.012,0.02,0.045,0.369,0.08,0.021,0.022,0.047,0.056,0.079,0.187,0.071,0.039,0.569,0.519,0.045,0.041,0.116,0.018,0.077,0.165,0.013,0.211,0.037,0.014,0.009,0.075,0.004,0.021,0.056,0.288,0.093,0.076,0.073,0.489,0.013,0.023,0.01,0.026,0.035,0.016,0.017,0.007,0.016,0.308,0.083,0.045,0.05,0.034,0.023,0.041,0.15,0.007,0.016,0.015,0.047,0.044,0.073,0.056,0.048,0.089,0.126,0.29,0.036,0.007,0.038,0.154,0.041,0.085,0.104,0.178,0.074,0.092,0.05,0.032,0.623,0.167,0.047,0.118,0.072,0.273,0.116,0.038,0.054,0.023,0.243,0.066,0.098,0.046,0.037,0.049,0.049,0.058,0.042,0.003,0.002,0.062,0.081,0.039,0.049,0.27,0.032,0.01,0.047,0.055,0.072,0.022,0.022,0.013,0.109,0.458,0.039,0.036,0.084,0.068,0.051,0.067,0.016,0.088,0.062,0.318,0.199,0.102,0.094,0.026,0.075,0.023,0.313,0.154,0.686,0.029,0.089,0.364,0.051,0.068,0.139,0.043,0.012,0.016,0.303,0.807,0.287,0.01,0.079,0.03,0.056,0.112,0.103,0.055,0.009,0.077,0.123,0.063,0.046,0.097,0.055,0.016,0.044,0.04,0.396,0.047,0.023,0.079,0.037,0.027,0.072,0.313,0.008,0.008,0.011,0.164,0.183,0.023,0.056,0.018,0.12,0.012,0.004,0.179,0.022,0.03,0.01,0.018,0.114,0.009,0.033,0.105,0.022,0.015,0.037,0.051,0.007,0.005,0.042,0.065,0.015,0.28,0.308,0.019,0.02,0.011,0.004,0.032,0.051,0.165,0.042,0.043,0.042,0.023,0.026,0.07,0.024,0.159,0.101,0.05,0.089,0.165,0.084,0.002,0.519,0.026,0.051,0.005,0.123,0.168,0.239,0.046,0.06,0.012,0.114,0.058,0.013,0.014,0.065,0.1,0.107,0.478,0.071,0.005,0.019,0.078,0.054,0.112,0.153,0.083,0.018,0.199,0.015,0.04,0.057,0.012,0.004,0.407,0.008,0.007,0.007,0.004,0.082,0.165,0.085,0.017,0.015,0.084,0.188,0.132,0.018,0.035,0.1,0.174,0.019,0.037,0.136,0.088,0.975,0.025,0.024,0.174,0.013,0.067,0.011
5,Father of the Bride Part II,1995,5.3,19,9,10,47,5.4,5,1,4,20,3,13761,64,62,76578911,0,0,0,1,0,0,0,0,0,0,0,0,0,0,0,0,0,0,0,0,0,1,0,0,0,0,0,0,0,0,0,0,1,0,1,6,28,57,101,33,2.75,225,0.026666667,0.124444444,0.253333333,0.448888889,0.146666667,0.042,0.065,0.028,0.123,0.042,0.025,0.024,0.109,0.115,0.173,0.299,0.206,0.081,0.041,0.043,0.164,0.189,0.03,0.011,0.022,0.026,0.032,0.114,0.056,0.053,0.079,0.009,0.016,0.132,0.005,0.035,0.011,0.036,0.012,0.069,0.014,0.009,0.069,0.015,0.063,0.044,0.081,0.06,0.148,0.048,0.018,0.018,0.083,0.109,0.263,0.064,0.018,0.004,0.064,0.002,0.104,0.023,0.121,0.034,0.077,0.162,0.003,0.076,0.312,0.095,0.173,0.009,0.312,0.023,0.04,0.338,0.025,0.092,0.058,0.025,0.037,0.062,0.093,0.014,0.098,0.024,0.033,0.287,0.065,0.072,0.09,0.014,0.129,0.064,0.072,0.024,0.08,0.285,0.012,0.263,0.489,0.009,0.019,0.007,0.023,0.023,0.126,0.02,0.032,0.055,0.002,0.165,0.067,0.006,0.032,0.014,0.838,0.026,0.141,0.158,0.029,0.097,0.026,0.187,0.021,0.014,0.078,0.058,0.019,0.173,0.062,0.021,0.034,0.047,0.278,0.037,0.205,0.126,0.156,0.398,0.449,0.025,0.035,0.025,0.064,0.026,0.059,0.038,0.173,0.025,0.005,0.329,0.017,0.078,0.049,0.292,0.014,0.047,0.048,0.028,0.035,0.114,0.084,0.069,0.429,0.017,0.021,0.006,0.045,0.321,0.4,0.143,0.108,0.034,0.074,0.012,0.02,0.335,0.053,0.04,0.064,0.033,0.047,0.205,0.058,0.048,0.125,0.068,0.02,0.035,0.102,0.029,0.162,0.157,0.04,0.835,0.236,0.227,0.317,0.054,0.153,0.956,0.088,0.708,0.789,0.277,0.079,0.074,0.02,0.008,0.007,0.06,0.258,0.028,0.107,0.463,0.585,0.158,0.025,0.047,0.011,0.059,0.055,0.164,0.061,0.026,0.015,0.021,0.012,0.055,0.108,0.551,0.103,0.082,0.223,0.109,0.333,0.012,0.047,0.184,0.036,0.028,0.367,0.062,0.042,0.09,0.019,0.02,0.019,0.013,0.009,0.002,0.439,0.018,0.056,0.448,0.033,0.063,0.073,0.378,0.056,0.021,0.021,0.056,0.008,0.007,0.03,0.03,0.055,0.124,0.039,0.142,0.042,0.141,0.016,0.069,0.004,0.006,0.017,0.053,0.183,0.074,0.039,0.152,0.134,0.062,0.028,0.019,0.213,0.013,0.024,0.004,0.036,0.011,0.01,0.024,0.035,0.185,0.073,0.032,0.042,0.08,0.012,0.07,0.155,0.028,0.044,0.257,0.384,0.024,0.014,0.126,0.025,0.13,0.14,0.012,0.461,0.025,0.022,0.011,0.065,0.005,0.017,0.05,0.216,0.084,0.057,0.068,0.497,0.014,0.018,0.019,0.029,0.035,0.01,0.018,0.005,0.03,0.164,0.1,0.015,0.043,0.028,0.021,0.086,0.129,0.009,0.016,0.012,0.053,0.094,0.09,0.091,0.045,0.04,0.234,0.208,0.032,0.01,0.056,0.125,0.029,0.102,0.08,0.195,0.044,0.08,0.051,0.044,0.678,0.248,0.046,0.111,0.053,0.238,0.152,0.032,0.064,0.037,0.198,0.06,0.12,0.062,0.031,0.04,0.045,0.064,0.046,0.003,0.005,0.121,0.136,0.042,0.044,0.096,0.032,0.02,0.06,0.064,0.114,0.019,0.029,0.018,0.096,0.596,0.919,0.028,0.076,0.087,0.033,0.042,0.009,0.106,0.086,0.181,0.19,0.08,0.043,0.017,0.087,0.03,0.192,0.127,0.384,0.026,0.645,0.252,0.056,0.114,0.205,0.043,0.023,0.016,0.219,0.581,0.586,0.007,0.1,0.032,0.049,0.098,0.139,0.066,0.012,0.086,0.139,0.042,0.067,0.105,0.066,0.012,0.04,0.048,0.592,0.954,0.032,0.014,0.03,0.021,0.058,0.199,0.007,0.07,0.013,0.285,0.464,0.018,0.031,0.013,0.13,0.014,0.003,0.165,0.021,0.023,0.007,0.013,0.192,0.012,0.044,0.113,0.023,0.05,0.044,0.073,0.008,0.014,0.052,0.06,0.013,0.382,0.204,0.053,0.023,0.006,0.002,0.023,0.039,0.122,0.032,0.054,0.023,0.025,0.043,0.078,0.022,0.167,0.07,0.089,0.14,0.247,0.088,0.002,0.448,0.039,0.053,0.003,0.13,0.129,0.15,0.036,0.094,0.016,0.114,0.092,0.025,0.025,0.053,0.055,0.086,0.402,0.072,0.025,0.026,0.061,0.064,0.13,0.131,0.096,0.013,0.284,0.009,0.021,0.048,0.013,0.003,0.389,0.015,0.007,0.009,0.005,0.151,0.112,0.077,0.024,0.019,0.091,0.169,0.13,0.044,0.044,0.768,0.288,0.022,0.02,0.178,0.095,0.486,0.027,0.019,0.12,0.013,0.078,0.014
6,Heat,1995,7.7,58,50,8,86,7.2,17,14,3,82,3.9,42785,92,121,67421778,0,1,0,0,0,0,0,0,0,0,0,0,0,0,0,0,0,0,0,0,1,0,0,0,0,0,0,0,0,0,0,0,1,1,4,2,9,36,169,370,3.85,586,0.003412969,0.015358362,0.061433447,0.288395904,0.631399317,0.028,0.076,0.035,0.288,0.162,0.025,0.016,0.092,0.146,0.848,0.614,0.188,0.028,0.132,0.055,0.179,0.111,0.011,0.044,0.022,0.021,0.039,0.078,0.056,0.596,0.132,0.041,0.013,0.048,0.008,0.017,0.016,0.365,0.036,0.069,0.004,0.006,0.15,0.025,0.155,0.139,0.476,0.058,0.503,0.053,0.011,0.015,0.098,0.439,0.094,0.032,0.029,0.008,0.954,0.003,0.076,0.025,0.088,0.041,0.025,0.19,0.005,0.097,0.292,0.232,0.206,0.022,0.328,0.042,0.102,0.211,0.062,0.126,0.631,0.188,0.369,0.079,0.077,0.07,0.164,0.039,0.332,0.658,0.236,0.112,0.039,0.031,0.442,0.16,0.32,0.035,0.026,0.056,0.02,0.171,0.03,0.012,0.016,0.013,0.004,0.038,0.608,0.03,0.268,0.135,0.002,0.512,0.043,0.015,0.041,0.013,0.057,0.054,0.169,0.857,0.681,0.557,0.405,0.139,0.046,0.126,0.218,0.036,0.017,0.747,0.074,0.044,0.049,0.987,0.499,0.011,0.25,0.263,0.201,0.484,0.048,0.02,0.299,0.025,0.032,0.222,0.099,0.031,0.399,0.201,0.029,0.278,0.138,0.234,0.681,0.824,0.195,0.025,0.128,0.035,0.057,0.062,0.029,0.131,0.102,0.025,0.01,0.01,0.063,0.827,0.577,0.155,0.144,0.028,0.412,0.156,0.035,0.225,0.13,0.074,0.04,0.058,0.087,0.412,0.079,0.065,0.448,0.652,0.021,0.441,0.086,0.027,0.883,0.431,0.012,0.151,0.051,0.063,0.245,0.022,0.724,0.111,0.058,0.222,0.187,0.551,0.251,0.236,0.09,0.005,0.005,0.035,0.111,0.069,0.395,0.091,0.051,0.06,0.039,0.083,0.104,0.414,0.799,0.801,0.038,0.015,0.061,0.066,0.039,0.014,0.039,0.063,0.741,0.482,0.819,0.123,0.122,0.03,0.032,0.969,0.295,0.602,0.871,0.419,0.505,0.643,0.812,0.029,0.02,0.017,0.011,0.005,0.335,0.017,0.13,0.063,0.919,0.139,0.035,0.077,0.107,0.068,0.017,0.492,0.05,0.018,0.014,0.037,0.115,0.078,0.046,0.933,0.141,0.076,0.01,0.252,0.006,0.008,0.137,0.064,0.162,0.118,0.246,0.885,0.667,0.396,0.083,0.055,0.091,0.044,0.032,0.005,0.011,0.029,0.025,0.042,0.056,0.659,0.162,0.056,0.05,0.109,0.018,0.113,0.554,0.826,0.901,0.178,0.197,0.049,0.061,0.077,0.37,0.064,0.155,0.023,0.168,0.028,0.023,0.008,0.84,0.006,0.015,0.318,0.511,0.387,0.091,0.121,0.8,0.049,0.019,0.072,0.041,0.076,0.01,0.047,0.009,0.067,0.511,0.415,0.095,0.031,0.044,0.064,0.098,0.405,0.012,0.03,0.168,0.056,0.067,0.089,0.112,0.113,0.27,0.147,0.334,0.108,0.012,0.056,0.209,0.069,0.076,0.131,0.18,0.068,0.464,0.093,0.763,0.795,0.515,0.277,0.223,0.254,0.652,0.19,0.135,0.459,0.188,0.284,0.107,0.226,0.058,0.026,0.097,0.299,0.433,0.199,0.002,0.001,0.646,0.142,0.341,0.256,0.168,0.106,0.739,0.585,0.049,0.037,0.038,0.044,0.024,0.504,0.218,0.015,0.16,0.179,0.254,0.024,0.074,0.014,0.204,0.18,0.118,0.256,0.433,0.072,0.037,0.649,0.128,0.602,0.447,0.425,0.046,0.039,0.586,0.084,0.042,0.094,0.074,0.016,0.046,0.155,0.191,0.052,0.018,0.09,0.108,0.048,0.092,0.171,0.425,0.014,0.059,0.163,0.029,0.033,0.095,0.072,0.028,0.026,0.098,0.164,0.037,0.267,0.019,0.026,0.034,0.164,0.141,0.008,0.05,0.062,0.065,0.134,0.023,0.316,0.375,0.194,0.009,0.007,0.362,0.021,0.039,0.033,0.026,0.127,0.016,0.039,0.065,0.028,0.02,0.052,0.061,0.009,0.013,0.042,0.163,0.026,0.576,0.834,0.018,0.043,0.023,0.005,0.025,0.758,0.399,0.03,0.163,0.095,0.031,0.041,0.03,0.15,0.103,0.051,0.726,0.2,0.796,0.48,0.007,0.041,0.056,0.017,0.052,0.215,0.098,0.104,0.019,0.83,0.018,0.231,0.66,0.025,0.018,0.193,0.506,0.167,0.22,0.142,0.03,0.01,0.062,0.322,0.21,0.553,0.5,0.173,0.19,0.044,0.152,0.114,0.009,0.002,0.694,0.004,0.014,0.014,0.005,0.133,0.71,0.782,0.026,0.012,0.808,0.371,0.377,0.04,0.056,0.018,0.218,0.012,0.035,0.08,0.35,0.093,0.023,0.02,0.245,0.023,0.061,0.016
8,Tom and Huck,1995,4.2,8,2,6,25,0,2,1,1,50,2.7,2649,45,151,23837227,0,0,0,1,0,0,0,0,0,0,0,0,0,0,0,0,0,0,0,0,0,0,0,0,0,1,0,0,0,0,0,0,1,0,0,0,6,12,15,6,2.72,39,0,0.153846154,0.307692308,0.384615385,0.153846154,0.03,0.051,0.021,0.094,0.042,0.035,0.023,0.099,0.086,0.474,0.6,0.812,0.062,0.046,0.083,0.044,0.968,0.149,0.02,0.018,0.027,0.032,0.103,0.031,0.039,0.063,0.011,0.01,0.144,0.012,0.04,0.016,0.037,0.008,0.036,0.008,0.005,0.061,0.01,0.05,0.056,0.157,0.037,0.117,0.024,0.011,0.012,0.091,0.143,0.222,0.071,0.022,0.002,0.042,0.004,0.951,0.018,0.066,0.039,0.023,0.675,0.002,0.03,0.261,0.095,0.071,0.005,0.213,0.025,0.033,0.154,0.019,0.093,0.032,0.03,0.035,0.031,0.128,0.017,0.065,0.021,0.056,0.304,0.072,0.026,0.061,0.009,0.113,0.047,0.073,0.02,0.053,0.097,0.012,0.693,0.345,0.006,0.012,0.006,0.007,0.036,0.166,0.016,0.139,0.037,0.001,0.144,0.024,0.005,0.028,0.017,0.211,0.022,0.211,0.069,0.033,0.029,0.028,0.105,0.014,0.014,0.134,0.07,0.034,0.194,0.097,0.034,0.023,0.28,0.231,0.012,0.164,0.122,0.148,0.276,0.174,0.014,0.023,0.01,0.023,0.031,0.058,0.037,0.186,0.017,0.004,0.44,0.022,0.058,0.052,0.245,0.017,0.035,0.053,0.018,0.013,0.075,0.167,0.046,0.116,0.018,0.018,0.013,0.083,0.732,0.265,0.141,0.045,0.037,0.162,0.011,0.05,0.126,0.045,0.021,0.04,0.031,0.037,0.09,0.034,0.045,0.181,0.036,0.028,0.032,0.078,0.031,0.144,0.133,0.033,0.768,0.038,0.138,0.32,0.053,0.233,0.046,0.033,0.141,0.169,0.206,0.084,0.082,0.03,0.004,0.005,0.026,0.127,0.023,0.865,0.209,0.035,0.058,0.016,0.04,0.011,0.061,0.042,0.19,0.023,0.019,0.016,0.025,0.009,0.027,0.044,0.488,0.071,0.1,0.284,0.086,0.114,0.01,0.028,0.225,0.032,0.032,0.315,0.059,0.034,0.064,0.016,0.014,0.009,0.013,0.008,0.001,0.242,0.016,0.023,0.243,0.014,0.118,0.083,0.07,0.317,0.014,0.011,0.214,0.004,0.007,0.014,0.024,0.1,0.387,0.044,0.138,0.026,0.363,0.009,0.043,0.003,0.05,0.012,0.043,0.287,0.054,0.032,0.152,0.121,0.108,0.017,0.018,0.111,0.014,0.017,0.004,0.018,0.01,0.008,0.02,0.041,0.194,0.045,0.025,0.022,0.116,0.009,0.058,0.157,0.023,0.024,0.035,0.101,0.022,0.015,0.14,0.021,0.071,0.102,0.016,0.035,0.025,0.02,0.01,0.078,0.004,0.029,0.038,0.191,0.065,0.067,0.054,0.564,0.01,0.021,0.008,0.019,0.019,0.009,0.021,0.008,0.032,0.104,0.72,0.024,0.044,0.027,0.143,0.069,0.106,0.008,0.018,0.015,0.035,0.058,0.044,0.049,0.046,0.037,0.534,0.345,0.043,0.005,0.023,0.104,0.022,0.071,0.072,0.109,0.046,0.07,0.04,0.021,0.605,0.135,0.048,0.1,0.048,0.238,0.153,0.033,0.05,0.018,0.325,0.053,0.085,0.032,0.095,0.055,0.04,0.05,0.049,0.005,0.002,0.074,0.098,0.031,0.026,0.077,0.037,0.01,0.044,0.029,0.04,0.024,0.024,0.021,0.073,0.327,0.029,0.024,0.077,0.096,0.02,0.06,0.01,0.069,0.032,0.133,0.172,0.075,0.032,0.014,0.04,0.018,0.233,0.113,0.095,0.019,0.063,0.447,0.05,0.039,0.144,0.064,0.014,0.021,0.208,0.16,0.06,0.007,0.051,0.035,0.035,0.091,0.137,0.063,0.007,0.151,0.12,0.051,0.043,0.091,0.051,0.018,0.03,0.06,0.263,0.041,0.038,0.011,0.027,0.012,0.058,0.122,0.004,0.008,0.01,0.057,0.167,0.011,0.033,0.02,0.439,0.014,0.009,0.152,0.017,0.025,0.011,0.017,0.135,0.01,0.036,0.1,0.023,0.021,0.06,0.058,0.009,0.007,0.071,0.079,0.016,0.56,0.245,0.018,0.015,0.009,0.004,0.038,0.062,0.098,0.023,0.046,0.03,0.017,0.035,0.12,0.022,0.098,0.05,0.029,0.111,0.308,0.245,0.002,0.038,0.04,0.048,0.003,0.103,0.12,0.16,0.023,0.04,0.008,0.098,0.088,0.017,0.015,0.039,0.053,0.074,0.09,0.048,0.011,0.458,0.057,0.029,0.108,0.089,0.148,0.014,0.186,0.007,0.023,0.025,0.013,0.004,0.393,0.011,0.006,0.007,0.003,0.083,0.075,0.065,0.016,0.009,0.063,0.176,0.128,0.044,0.018,0.011,0.157,0.015,0.021,0.12,0.084,0.239,0.018,0.016,0.224,0.009,0.071,0.013
9,Sudden Death,1995,5.2,32,17,15,53,5.6,9,5,4,55,2.6,3626,40,153,20214270,0,0,1,0,0,0,0,0,0,0,0,0,0,0,0,0,0,0,0,0,0,0,0,1,0,0,0,0,0,0,0,0,1,0,0,1,11,30,17,2,2.37,61,0.016393443,0.180327869,0.491803279,0.278688525,0.032786885,0.03,0.028,0.013,0.057,0.023,0.018,0.023,0.105,0.126,0.97,0.962,0.157,0.105,0.037,0.039,0.037,0.166,0.026,0.009,0.032,0.036,0.035,0.077,0.021,0.027,0.042,0.007,0.012,0.086,0.006,0.019,0.01,0.028,0.007,0.097,0.009,0.176,0.054,0.013,0.052,0.273,0.179,0.041,0.14,0.017,0.016,0.03,0.312,0.111,0.324,0.084,0.048,0.003,0.056,0.002,0.12,0.042,0.063,0.019,0.016,0.122,0.003,0.03,0.115,0.07,0.234,0.007,0.712,0.012,0.025,0.142,0.017,0.127,0.037,0.031,0.12,0.027,0.119,0.017,0.082,0.014,0.037,0.254,0.093,0.035,0.202,0.01,0.374,0.06,0.08,0.02,0.139,0.056,0.006,0.088,0.069,0.009,0.01,0.007,0.014,0.21,0.191,0.009,0.025,0.05,0.001,0.214,0.269,0.004,0.019,0.013,0.064,0.042,0.129,0.056,0.017,0.026,0.013,0.086,0.043,0.014,0.264,0.093,0.019,0.215,0.029,0.016,0.03,0.044,0.287,0.012,0.157,0.133,0.155,0.236,0.057,0.029,0.048,0.008,0.028,0.026,0.046,0.03,0.185,0.018,0.003,0.256,0.014,0.075,0.044,0.378,0.015,0.039,0.105,0.017,0.007,0.127,0.038,0.054,0.06,0.011,0.008,0.028,0.124,0.124,0.116,0.183,0.052,0.02,0.056,0.014,0.104,0.116,0.062,0.047,0.053,0.028,0.039,0.121,0.114,0.028,0.12,0.064,0.028,0.028,0.081,0.025,0.127,0.105,0.015,0.184,0.036,0.088,0.171,0.031,0.716,0.058,0.017,0.12,0.143,0.898,0.64,0.062,0.008,0.004,0.015,0.016,0.204,0.029,0.095,0.262,0.066,0.065,0.012,0.106,0.009,0.067,0.027,0.133,0.04,0.019,0.015,0.014,0.009,0.014,0.037,0.151,0.126,0.213,0.197,0.062,0.132,0.013,0.048,0.129,0.026,0.028,0.261,0.048,0.035,0.075,0.063,0.065,0.067,0.013,0.005,0.001,0.146,0.007,0.021,0.044,0.027,0.076,0.064,0.095,0.035,0.009,0.009,0.063,0.011,0.005,0.01,0.05,0.04,0.107,0.028,0.128,0.024,0.148,0.006,0.04,0.003,0.006,0.012,0.035,0.143,0.066,0.035,0.313,0.113,0.046,0.014,0.018,0.169,0.012,0.01,0.003,0.024,0.007,0.005,0.019,0.028,0.134,0.158,0.309,0.031,0.025,0.008,0.054,0.144,0.033,0.043,0.03,0.093,0.031,0.012,0.123,0.022,0.046,0.106,0.007,0.028,0.044,0.439,0.01,0.096,0.002,0.026,0.035,0.182,0.057,0.045,0.063,0.445,0.011,0.014,0.005,0.048,0.023,0.009,0.026,0.005,0.065,0.137,0.123,0.013,0.019,0.016,0.018,0.085,0.097,0.004,0.014,0.01,0.031,0.056,0.043,0.042,0.031,0.026,0.1,0.359,0.029,0.014,0.054,0.116,0.024,0.061,0.127,0.216,0.106,0.051,0.039,0.02,0.589,0.179,0.033,0.108,0.05,0.192,0.105,0.024,0.057,0.123,0.198,0.101,0.103,0.021,0.062,0.077,0.03,0.046,0.058,0.014,0.001,0.107,0.322,0.053,0.036,0.07,0.05,0.016,0.045,0.043,0.051,0.044,0.038,0.009,0.046,0.512,0.026,0.024,0.063,0.047,0.015,0.03,0.009,0.085,0.056,0.13,0.164,0.085,0.034,0.009,0.055,0.014,0.177,0.09,0.1,0.023,0.065,0.211,0.029,0.195,0.068,0.046,0.025,0.01,0.102,0.104,0.042,0.005,0.029,0.021,0.047,0.093,0.104,0.051,0.007,0.042,0.117,0.051,0.059,0.117,0.093,0.01,0.025,0.034,0.062,0.033,0.023,0.014,0.029,0.015,0.039,0.182,0.004,0.005,0.005,0.254,0.139,0.012,0.039,0.014,0.083,0.051,0.005,0.125,0.04,0.023,0.01,0.009,0.339,0.006,0.048,0.079,0.018,0.149,0.047,0.036,0.008,0.007,0.042,0.046,0.014,0.23,0.184,0.013,0.018,0.026,0.003,0.142,0.062,0.124,0.028,0.035,0.032,0.077,0.12,0.033,0.019,0.172,0.081,0.194,0.151,0.254,0.158,0.001,0.05,0.036,0.022,0.003,0.138,0.118,0.146,0.021,0.185,0.22,0.095,0.342,0.007,0.009,0.03,0.075,0.074,0.081,0.024,0.005,0.036,0.042,0.055,0.164,0.093,0.132,0.011,0.224,0.007,0.025,0.138,0.019,0.005,0.599,0.954,0.048,0.006,0.004,0.053,0.274,0.153,0.037,0.012,0.118,0.119,0.092,0.036,0.026,0.011,0.162,0.026,0.015,0.111,0.065,0.151,0.009,0.011,0.138,0.007,0.079,0.014
10,GoldenEye,1995,6.8,41,33,8,80,6.2,11,7,4,63,3.4,28260,78,827,105978900,0,0,0,0,0,0,0,1,0,0,0,0,0,0,0,0,0,0,0,0,0,0,0,1,0,0,0,0,0,0,0,0,1,0,1,6,24,113,347,243,3.31,733,0.008185539,0.032742156,0.154160982,0.473396999,0.331514325,1,0.055,0.042,0.132,0.089,0.022,0.024,0.197,0.262,0.97,0.633,0.192,0.076,0.053,0.055,0.055,0.809,0.019,0.015,0.049,0.039,0.06,0.089,0.098,0.055,0.062,0.025,0.027,0.081,0.01,0.024,0.017,0.111,0.014,0.092,0.038,0.025,0.102,0.03,0.054,0.911,0.38,0.061,0.179,0.036,0.021,0.03,0.082,0.175,0.178,0.074,0.09,0.003,0.034,0.003,0.124,0.021,0.104,0.036,0.077,0.166,0.007,0.069,0.175,0.093,0.232,0.016,0.513,0.021,0.036,0.118,0.023,0.094,0.086,0.054,0.09,0.043,0.079,0.02,0.198,0.029,0.068,0.363,0.085,0.047,0.236,0.012,0.426,0.148,0.103,0.067,0.083,0.071,0.025,0.196,0.061,0.009,0.016,0.01,0.006,0.233,0.172,0.016,0.141,0.069,0.002,0.264,0.095,0.007,0.736,0.03,0.102,0.073,0.132,0.251,0.044,0.1,0.062,0.179,0.297,0.062,0.443,0.106,0.039,0.261,0.033,0.021,0.049,0.107,0.268,0.019,0.236,0.197,0.157,0.305,0.081,0.023,0.068,0.011,0.028,0.137,0.063,0.051,0.231,0.038,0.007,0.324,0.031,0.107,0.041,0.494,0.024,0.111,0.058,0.051,0.053,0.083,0.043,0.065,0.086,0.018,0.011,0.007,0.049,0.147,0.231,0.173,0.058,0.035,0.144,0.021,0.035,0.144,0.095,0.077,0.049,0.047,0.097,0.128,0.192,0.179,0.174,0.083,0.028,0.069,0.101,0.986,0.444,0.131,0.023,0.299,0.456,0.13,0.322,0.078,0.47,0.053,0.043,0.204,0.194,0.41,0.231,0.077,0.021,0.005,0.008,0.025,0.989,0.032,0.177,0.235,0.116,0.102,0.16,0.162,0.044,0.082,0.086,0.206,0.04,0.04,0.023,0.033,0.04,0.021,0.049,0.157,0.274,0.281,0.285,0.298,0.234,0.026,0.064,0.223,0.055,0.209,0.46,0.096,0.09,0.186,0.162,0.158,0.119,0.017,0.007,0.003,0.164,0.016,0.036,0.05,0.058,0.1,0.045,0.085,0.054,0.048,0.014,0.169,0.006,0.01,0.019,0.03,0.141,0.243,0.061,0.225,0.034,0.142,0.011,0.07,0.019,0.043,0.022,0.092,0.164,0.08,0.13,0.335,0.288,0.115,0.052,0.03,0.22,0.024,0.02,0.899,0.018,0.016,0.013,0.03,0.034,0.219,0.039,0.026,0.067,0.034,0.018,0.248,0.229,0.076,0.039,0.071,0.119,0.03,0.02,0.282,0.091,0.055,0.123,0.013,0.051,0.021,0.018,0.032,0.132,0.006,0.019,0.033,0.326,0.087,0.085,0.081,0.538,0.039,0.021,0.02,0.109,0.03,0.009,0.047,0.007,0.276,0.149,0.352,0.044,0.039,0.03,0.044,0.18,0.171,0.007,0.025,0.022,0.122,0.049,0.069,0.132,0.04,0.051,0.183,0.38,0.03,0.13,0.07,0.115,0.027,0.083,0.09,0.269,0.034,0.088,0.042,0.065,0.675,0.537,0.049,0.124,0.051,0.242,0.238,0.034,0.077,0.137,0.194,0.109,0.163,0.022,0.116,0.052,0.065,0.116,0.053,0.003,0.002,0.424,0.226,0.213,0.032,0.083,0.227,0.024,0.067,0.086,0.081,0.032,0.043,0.014,0.113,0.393,0.021,0.036,0.083,0.051,0.045,0.032,0.021,0.115,0.078,0.128,0.203,0.127,0.055,0.023,0.216,0.044,0.224,0.143,0.147,0.054,0.042,0.437,0.089,0.193,0.083,0.034,0.041,0.022,0.123,0.155,0.09,0.012,0.053,0.022,0.056,0.094,0.136,0.114,0.018,0.093,0.302,0.063,0.116,0.256,0.228,0.024,0.036,0.088,0.079,0.241,0.028,0.052,0.09,0.11,0.078,0.476,0.008,0.015,0.013,0.411,0.162,0.054,0.048,0.028,0.091,0.024,0.005,0.198,0.256,0.062,0.008,0.024,0.485,0.025,0.912,0.102,0.069,0.03,0.89,0.057,0.031,0.029,0.06,0.062,0.028,0.377,0.328,0.04,0.037,0.014,0.005,0.051,0.285,0.217,0.172,0.064,0.032,0.048,0.065,0.06,0.034,0.12,0.07,0.162,0.269,0.391,0.112,0.004,0.068,0.037,0.032,0.005,0.542,0.115,0.135,0.021,0.396,0.252,0.14,0.381,0.023,0.032,0.113,0.083,0.185,0.122,0.074,0.015,0.037,0.047,0.109,0.122,0.158,0.251,0.023,0.315,0.021,0.051,0.097,0.016,0.005,0.715,0.015,0.033,0.007,0.003,0.068,0.353,0.124,0.04,0.03,0.139,0.23,0.134,0.032,0.051,0.024,0.234,0.022,0.021,0.104,0.275,0.217,0.023,0.019,0.18,0.018,0.083,0.016
11,The American President,1995,7,49,44,5,89,7.2,18,16,2,88,3.2,8320,71,82,60009496,1,0,0,0,0,0,0,0,0,0,0,0,0,0,0,0,0,0,0,0,0,0,0,0,0,0,0,1,0,0,0,0,1,0,3,2,10,54,153,154,3.42,373,0.00536193,0.026809651,0.144772118,0.410187668,0.412868633,0.044,0.098,0.043,0.221,0.11,0.039,0.022,0.084,0.127,0.18,0.189,0.177,0.025,0.058,0.03,0.109,0.205,0.063,0.023,0.041,0.04,0.065,0.088,0.205,0.046,0.157,0.015,0.016,0.134,0.03,0.035,0.014,0.071,0.017,0.064,0.013,0.008,0.123,0.014,0.111,0.321,0.286,0.162,0.144,0.018,0.03,0.033,0.1,0.141,0.176,0.08,0.028,0.004,0.027,0.012,0.164,0.011,0.298,0.081,0.022,0.27,0.002,0.09,0.521,0.096,0.309,0.013,0.307,0.059,0.073,0.122,0.046,0.077,0.056,0.031,0.054,0.067,0.077,0.015,0.225,0.028,0.031,0.243,0.05,0.215,0.094,0.016,0.1,0.057,0.113,0.037,0.175,0.852,0.009,0.19,0.106,0.005,0.079,0.023,0.008,0.114,0.167,0.051,0.206,0.129,0.001,0.278,0.105,0.007,0.143,0.037,0.456,0.025,0.132,0.186,0.03,0.125,0.031,0.206,0.076,0.02,0.728,0.451,0.121,0.503,0.229,0.244,0.042,0.138,0.256,0.056,0.15,0.202,0.11,0.664,0.58,0.019,0.106,0.022,0.044,0.026,0.046,0.039,0.167,0.03,0.004,0.175,0.032,0.123,0.028,0.497,0.035,0.061,0.055,0.048,0.016,0.109,0.101,0.048,0.303,0.062,0.039,0.007,0.052,0.905,0.696,0.14,0.054,0.035,0.178,0.017,0.042,0.096,0.041,0.05,0.053,0.052,0.128,0.133,0.139,0.118,0.183,0.189,0.424,0.049,0.13,0.099,0.708,0.153,0.303,0.43,0.053,0.304,0.273,0.182,0.211,0.063,0.042,0.72,0.828,0.191,0.081,0.079,0.016,0.028,0.03,0.126,0.112,0.043,0.212,0.443,0.205,0.044,0.03,0.052,0.027,0.051,0.066,0.16,0.144,0.033,0.023,0.049,0.053,0.03,0.065,0.833,0.424,0.338,0.253,0.15,0.056,0.019,0.038,0.433,0.038,0.255,0.386,0.075,0.047,0.107,0.071,0.043,0.026,0.021,0.008,0.002,0.562,0.013,0.089,0.505,0.038,0.085,0.07,0.04,0.245,0.223,0.015,0.079,0.117,0.036,0.034,0.027,0.049,0.137,0.066,0.144,0.028,0.037,0.005,0.045,0.004,0.006,0.019,0.06,0.318,0.11,0.357,0.335,0.526,0.144,0.083,0.016,0.184,0.015,0.03,0.005,0.017,0.011,0.011,0.035,0.121,0.272,0.049,0.018,0.032,0.143,0.04,0.15,0.278,0.09,0.049,0.465,0.959,0.035,0.031,0.146,0.019,0.058,0.096,0.012,0.217,0.073,0.014,0.011,0.12,0.009,0.023,0.028,0.248,0.075,0.059,0.086,0.612,0.018,0.058,0.013,0.144,0.022,0.012,0.032,0.005,0.018,0.139,0.121,0.025,0.037,0.018,0.022,0.07,0.27,0.014,0.093,0.014,0.053,0.112,0.102,0.092,0.039,0.058,0.307,0.3,0.035,0.034,0.052,0.107,0.018,0.065,0.066,0.204,0.028,0.134,0.036,0.051,0.586,0.349,0.446,0.371,0.146,0.397,0.162,0.091,0.276,0.068,0.136,0.134,0.207,0.057,0.027,0.054,0.051,0.113,0.064,0.004,0.002,0.198,0.117,0.065,0.056,0.045,0.149,0.01,0.048,0.988,0.995,0.022,0.022,0.008,0.107,0.397,0.016,0.021,0.091,0.083,0.489,0.035,0.011,0.076,0.044,0.165,0.17,0.257,0.081,0.011,0.167,0.032,0.245,0.149,0.523,0.046,0.089,0.188,0.163,0.117,0.088,0.025,0.016,0.011,0.952,0.952,0.96,0.01,0.067,0.019,0.104,0.211,0.143,0.088,0.014,0.062,0.142,0.039,0.123,0.119,0.09,0.027,0.148,0.108,0.376,0.045,0.025,0.035,0.045,0.035,0.053,0.278,0.032,0.014,0.016,0.241,0.125,0.072,0.039,0.023,0.215,0.022,0.01,0.259,0.027,0.044,0.009,0.012,0.232,0.028,0.085,0.078,0.025,0.152,0.13,0.051,0.01,0.009,0.062,0.069,0.023,0.442,0.227,0.092,0.033,0.011,0.006,0.026,0.057,0.185,0.045,0.044,0.031,0.016,0.022,0.079,0.039,0.139,0.079,0.147,0.185,0.393,0.1,0.001,0.594,0.027,0.093,0.005,0.194,0.125,0.153,0.019,0.385,0.05,0.24,0.332,0.014,0.02,0.047,0.069,0.216,0.35,0.17,0.012,0.043,0.109,0.061,0.102,0.142,0.255,0.026,0.353,0.018,0.021,0.17,0.009,0.003,0.268,0.014,0.02,0.011,0.019,0.035,0.089,0.074,0.028,0.011,0.072,0.197,0.165,0.028,0.169,0.101,0.238,0.031,0.012,0.174,0.392,0.622,0.032,0.074,0.178,0.031,0.068,0.015
